x,y,z,type
2,-32,0,minecraft:sculk_sensor
14,-19,31,minecraft:hopper
15,-19,31,minecraft:hopper
14,-21,31,minecraft:hopper
15,-21,31,minecraft:hopper
1,-16,25,minecraft:sculk_catalyst
2,-16,25,minecraft:sculk_sensor
3,-16,25,minecraft:sculk_shrieker
1,-17,27,minecraft:sculk_sensor
2,-17,27,minecraft:sculk_catalyst
3,-18,31,minecraft:sculk_sensor
15,-19,26,minecraft:furnace
15,-20,26,minecraft:furnace
15,-19,27,minecraft:furnace
15,-21,26,minecraft:furnace
15,-20,27,minecraft:furnace
15,-21,27,minecraft:furnace
-11,-26,13,minecraft:sculk_sensor
-4,-32,1,minecraft:sculk_sensor
-6,-32,0,minecraft:sculk_sensor
-12,-13,8,minecraft:sculk_sensor
-11,-13,9,minecraft:sculk_shrieker
-11,-13,10,minecraft:sculk_sensor
-10,-17,12,minecraft:mob_spawner
-2,-21,3,minecraft:brewing_stand
-10,-27,12,minecraft:sculk_sensor
21,-20,31,minecraft:furnace
27,-20,26,minecraft:furnace
27,-20,27,minecraft:furnace
28,-20,31,minecraft:furnace
20,-44,30,minecraft:sculk_catalyst
16,-19,31,minecraft:furnace
16,-21,31,minecraft:blast_furnace
21,-17,31,minecraft:blast_furnace
21,-19,31,minecraft:furnace
27,-19,26,minecraft:furnace
21,-21,31,minecraft:blast_furnace
27,-19,27,minecraft:furnace
27,-21,26,minecraft:furnace
27,-21,27,minecraft:furnace
26,-19,31,minecraft:furnace
26,-21,31,minecraft:blast_furnace
28,-19,31,minecraft:furnace
28,-21,31,minecraft:blast_furnace
28,-6,24,quark:monster_box
29,-32,1,minecraft:sculk_shrieker
23,-22,10,minecraft:sculk_sensor
19,-32,7,minecraft:sculk_sensor
19,-32,8,minecraft:sculk_shrieker
22,-32,6,minecraft:sculk_sensor
-2,-32,-2,minecraft:sculk_catalyst
-1,-18,-3,minecraft:brewing_stand
12,-32,-16,minecraft:sculk_sensor
9,-32,-1,minecraft:sculk_sensor
4,-32,-1,minecraft:sculk_catalyst
29,-22,-9,minecraft:sculk_sensor
29,-22,-10,minecraft:sculk_sensor
28,-22,-10,minecraft:sculk_sensor
-10,-33,33,minecraft:mob_spawner
2,-20,45,minecraft:sculk_sensor
2,-20,47,minecraft:sculk_sensor
3,-20,47,minecraft:sculk_sensor
15,-20,38,minecraft:furnace
15,-20,39,minecraft:furnace
1,-38,38,minecraft:sculk_sensor
11,-22,44,minecraft:sculk_catalyst
4,-40,40,minecraft:sculk_sensor
6,-42,40,minecraft:sculk_shrieker
14,-19,32,minecraft:hopper
15,-19,32,minecraft:hopper
14,-19,33,minecraft:hopper
14,-21,32,minecraft:hopper
15,-19,33,minecraft:hopper
14,-19,34,minecraft:hopper
15,-21,32,minecraft:hopper
14,-21,33,minecraft:hopper
15,-19,34,minecraft:hopper
15,-21,33,minecraft:hopper
14,-21,34,minecraft:hopper
15,-21,34,minecraft:hopper
15,-19,38,minecraft:furnace
15,-19,39,minecraft:furnace
15,-21,38,minecraft:furnace
15,-21,39,minecraft:furnace
6,-25,47,minecraft:sculk_catalyst
2,-39,40,minecraft:sculk_sensor
17,-39,45,minecraft:sculk_sensor
20,-39,43,minecraft:sculk_sensor
21,-20,33,minecraft:furnace
18,-18,44,minecraft:brewing_stand
16,-19,32,minecraft:furnace
16,-19,33,minecraft:furnace
16,-21,32,minecraft:blast_furnace
16,-19,34,minecraft:furnace
16,-21,33,minecraft:blast_furnace
16,-21,34,minecraft:blast_furnace
21,-17,33,minecraft:blast_furnace
21,-38,45,minecraft:sculk_sensor
21,-19,33,minecraft:furnace
21,-21,33,minecraft:blast_furnace
26,-19,32,minecraft:furnace
26,-19,33,minecraft:furnace
26,-21,32,minecraft:blast_furnace
26,-19,34,minecraft:furnace
26,-21,33,minecraft:blast_furnace
26,-21,34,minecraft:blast_furnace
24,-21,45,minecraft:brewing_stand
-21,-36,33,minecraft:sculk_sensor
-24,-36,37,minecraft:sculk_sensor
-21,-36,36,minecraft:sculk_catalyst
-19,-31,40,minecraft:mob_spawner
-28,-40,42,minecraft:sculk_catalyst
-29,-40,44,minecraft:sculk_sensor
-28,-40,44,minecraft:sculk_sensor
-28,-41,45,minecraft:sculk_shrieker
-24,-35,29,minecraft:sculk_sensor
-25,-35,30,minecraft:sculk_catalyst
-24,-35,30,minecraft:sculk_sensor
-21,-38,27,minecraft:sculk_sensor
-21,-38,28,minecraft:sculk_sensor
-20,-38,29,minecraft:sculk_sensor
-25,-19,-11,minecraft:sculk_sensor
-25,-19,-12,minecraft:sculk_shrieker
-31,-19,-11,minecraft:sculk_catalyst
40,-27,45,minecraft:sculk_shrieker
39,-22,41,minecraft:sculk_sensor
46,-48,33,minecraft:sculk_sensor
33,-32,1,minecraft:sculk_sensor
34,-32,1,minecraft:sculk_sensor
35,-21,0,minecraft:mob_spawner
43,-47,15,minecraft:sculk_catalyst
45,-47,14,minecraft:sculk_sensor
45,-32,-1,minecraft:sculk_sensor
-13,-32,-23,minecraft:sculk_sensor
-10,-32,-26,minecraft:sculk_catalyst
8,-18,-23,minecraft:mob_spawner
-17,-25,61,minecraft:sculk_sensor
-16,-25,59,minecraft:sculk_catalyst
-14,-25,59,minecraft:sculk_sensor
-13,-26,60,minecraft:sculk_sensor
-11,-26,60,minecraft:sculk_sensor
3,-11,51,minecraft:sculk_catalyst
5,-11,54,minecraft:sculk_sensor
7,-53,59,minecraft:sculk_sensor
13,-23,54,minecraft:sculk_sensor
22,-22,52,minecraft:sculk_sensor
29,-15,58,minecraft:sculk_sensor
-33,-39,42,minecraft:sculk_sensor
-36,-32,47,minecraft:sculk_sensor
-48,-30,46,minecraft:sculk_sensor
-43,-29,43,minecraft:sculk_catalyst
-34,-39,42,minecraft:sculk_sensor
-45,-24,21,minecraft:sculk_sensor
-43,-25,24,minecraft:sculk_sensor
-34,-20,24,minecraft:sculk_catalyst
-34,-32,1,minecraft:sculk_sensor
-37,-29,0,minecraft:mob_spawner
-45,-31,2,minecraft:sculk_sensor
-47,-31,4,minecraft:sculk_catalyst
-47,-31,5,minecraft:sculk_sensor
-45,-31,-5,minecraft:sculk_sensor
-42,-41,-37,minecraft:sculk_shrieker
-42,-41,-38,minecraft:sculk_sensor
-43,-41,-39,minecraft:sculk_sensor
-45,-41,-42,minecraft:sculk_sensor
33,-17,53,minecraft:mob_spawner
36,-13,54,minecraft:sculk_sensor
37,-13,54,minecraft:sculk_sensor
35,-15,55,minecraft:sculk_sensor
39,-14,53,minecraft:sculk_sensor
42,-14,50,minecraft:sculk_sensor
42,-13,53,minecraft:sculk_sensor
37,-27,50,minecraft:sculk_sensor
36,-1,51,minecraft:sculk_sensor
36,-1,53,minecraft:sculk_sensor
37,-1,52,minecraft:sculk_sensor
36,-2,52,minecraft:sculk_catalyst
48,-30,52,minecraft:sculk_sensor
49,-31,51,minecraft:sculk_sensor
48,27,48,minecraft:mob_spawner
50,-31,53,minecraft:sculk_sensor
62,-11,49,minecraft:sculk_catalyst
56,-29,33,minecraft:sculk_catalyst
56,-36,44,minecraft:sculk_catalyst
54,-38,45,minecraft:sculk_shrieker
55,-37,47,minecraft:sculk_shrieker
60,-30,24,minecraft:sculk_sensor
59,-54,25,minecraft:sculk_sensor
55,-31,22,minecraft:sculk_catalyst
53,-46,5,minecraft:sculk_sensor
52,-46,7,minecraft:sculk_catalyst
49,-45,13,minecraft:sculk_catalyst
61,-31,-3,minecraft:blast_furnace
61,-31,-5,minecraft:blast_furnace
61,-29,-3,minecraft:furnace
60,-31,-5,minecraft:blast_furnace
59,-31,-5,minecraft:blast_furnace
61,-29,-5,minecraft:furnace
58,-31,-5,minecraft:blast_furnace
60,-29,-5,minecraft:furnace
59,-29,-5,minecraft:furnace
61,-31,-10,minecraft:blast_furnace
58,-29,-5,minecraft:furnace
59,-31,-10,minecraft:blast_furnace
61,-29,-10,minecraft:furnace
63,-31,-14,minecraft:sculk_sensor
59,-29,-10,minecraft:furnace
61,-27,-10,minecraft:blast_furnace
61,-31,-15,minecraft:blast_furnace
61,-31,-16,minecraft:hopper
60,-31,-15,minecraft:blast_furnace
59,-27,-10,minecraft:blast_furnace
60,-31,-16,minecraft:hopper
59,-31,-15,minecraft:blast_furnace
61,-29,-15,minecraft:furnace
59,-31,-16,minecraft:hopper
58,-31,-15,minecraft:blast_furnace
61,-29,-16,minecraft:hopper
60,-29,-15,minecraft:furnace
58,-31,-16,minecraft:hopper
60,-29,-16,minecraft:hopper
59,-29,-15,minecraft:furnace
59,-29,-16,minecraft:hopper
58,-29,-15,minecraft:furnace
58,-29,-16,minecraft:hopper
54,-31,-16,minecraft:furnace
53,-31,-16,minecraft:furnace
54,-29,-16,minecraft:furnace
53,-29,-16,minecraft:furnace
53,-27,-16,minecraft:sculk_catalyst
61,-40,-6,minecraft:sculk_sensor
61,-30,-3,minecraft:furnace
61,-30,-10,minecraft:furnace
59,-30,-10,minecraft:furnace
54,-30,-16,minecraft:furnace
53,-30,-16,minecraft:furnace
61,-31,-17,minecraft:hopper
60,-31,-17,minecraft:hopper
59,-31,-17,minecraft:hopper
61,-29,-17,minecraft:hopper
58,-31,-17,minecraft:hopper
60,-29,-17,minecraft:hopper
59,-29,-17,minecraft:hopper
58,-29,-17,minecraft:hopper
-1,-16,-46,minecraft:campfire
30,-35,-48,minecraft:sculk_catalyst
-58,-35,69,minecraft:sculk_sensor
-37,-54,69,minecraft:sculk_sensor
-36,-39,73,minecraft:sculk_sensor
-39,-40,75,minecraft:sculk_sensor
-32,-18,78,minecraft:sculk_catalyst
-9,-49,73,minecraft:sculk_sensor
-9,-51,72,minecraft:sculk_sensor
-10,-52,72,minecraft:sculk_sensor
22,-10,64,minecraft:sculk_sensor
-51,-27,43,minecraft:sculk_sensor
-56,-30,47,minecraft:sculk_sensor
-62,-28,40,minecraft:sculk_sensor
-61,-28,40,minecraft:sculk_sensor
-51,-31,46,minecraft:sculk_sensor
-61,-28,43,minecraft:sculk_sensor
-60,-28,45,minecraft:sculk_sensor
-49,-24,26,minecraft:sculk_sensor
-49,-22,25,minecraft:sculk_catalyst
-51,-43,-4,minecraft:sculk_sensor
-62,-43,-32,minecraft:sculk_sensor
-56,-44,-25,minecraft:sculk_sensor
-57,-44,-25,minecraft:sculk_catalyst
-59,-43,-29,minecraft:sculk_catalyst
-60,-43,-30,minecraft:sculk_sensor
-62,-42,-33,minecraft:sculk_catalyst
-63,-42,-34,minecraft:sculk_sensor
-63,-39,-36,minecraft:sculk_sensor
-57,-16,-60,minecraft:sculk_shrieker
-50,-15,-50,minecraft:sculk_sensor
-58,-15,-63,minecraft:sculk_sensor
-54,-16,-57,minecraft:sculk_sensor
-53,-15,-58,minecraft:sculk_sensor
-40,-44,-55,minecraft:sculk_sensor
-36,-43,-59,minecraft:sculk_sensor
-41,-37,-51,minecraft:sculk_sensor
-42,-37,-51,minecraft:sculk_sensor
-42,-37,-52,minecraft:sculk_sensor
-40,-36,-56,minecraft:sculk_shrieker
-40,-36,-57,minecraft:sculk_sensor
-39,-36,-59,minecraft:sculk_sensor
-40,-36,-58,minecraft:sculk_catalyst
-31,-39,-59,minecraft:sculk_sensor
-27,-36,-55,minecraft:sculk_sensor
40,-6,66,minecraft:sculk_sensor
68,-52,31,minecraft:sculk_shrieker
69,-54,31,minecraft:sculk_sensor
66,-31,-4,minecraft:furnace
65,-31,-4,minecraft:furnace
66,-30,-4,minecraft:furnace
65,-30,-4,minecraft:furnace
66,-29,-4,minecraft:furnace
65,-29,-4,minecraft:furnace
66,-31,-16,minecraft:furnace
65,-31,-16,minecraft:furnace
66,-30,-16,minecraft:furnace
65,-30,-16,minecraft:furnace
66,-29,-16,minecraft:furnace
65,-29,-16,minecraft:furnace
11,-44,-56,minecraft:sculk_sensor
1,-30,-53,minecraft:brewing_stand
14,-45,-50,minecraft:sculk_sensor
2,-31,-57,minecraft:mob_spawner
1,-30,-56,minecraft:brewing_stand
13,-45,-51,minecraft:sculk_sensor
1,-30,-58,minecraft:brewing_stand
1,-30,-61,minecraft:brewing_stand
11,-46,-55,minecraft:sculk_sensor
21,-30,-53,minecraft:brewing_stand
21,-30,-56,minecraft:brewing_stand
20,-31,-57,minecraft:mob_spawner
21,-30,-58,minecraft:brewing_stand
21,-30,-61,minecraft:brewing_stand
23,-41,-49,minecraft:sculk_sensor
24,-41,-52,minecraft:sculk_sensor
19,-43,-51,minecraft:sculk_sensor
16,-44,-51,minecraft:sculk_sensor
-64,-54,81,minecraft:sculk_sensor
-29,71,84,minecraft:mob_spawner
-25,-27,81,minecraft:sculk_sensor
13,-10,83,minecraft:sculk_sensor
-58,-13,-68,minecraft:sculk_sensor
-62,-49,-76,minecraft:sculk_catalyst
-60,-21,-68,minecraft:sculk_sensor
-58,-14,-67,minecraft:sculk_sensor
-67,-48,4,minecraft:sculk_catalyst
-67,-49,5,minecraft:sculk_sensor
-65,-47,5,minecraft:sculk_sensor
-67,-49,6,minecraft:sculk_sensor
-73,-43,-19,minecraft:sculk_catalyst
-67,-37,-40,minecraft:sculk_shrieker
-72,-37,-38,minecraft:sculk_catalyst
-65,-42,-34,minecraft:sculk_sensor
-68,-47,-61,minecraft:sculk_sensor
-69,-47,-61,minecraft:sculk_sensor
-68,-47,-62,minecraft:sculk_catalyst
-69,-48,-59,minecraft:sculk_sensor
-69,-14,-73,minecraft:sculk_catalyst
-40,-15,-73,minecraft:sculk_sensor
-37,-16,-71,minecraft:sculk_sensor
-38,-17,-73,minecraft:sculk_sensor
-39,-17,-74,minecraft:sculk_sensor
84,-28,9,minecraft:mob_spawner
87,-25,-31,minecraft:mob_spawner
11,-34,-77,minecraft:mob_spawner
42,-1,-76,minecraft:sculk_sensor
52,-3,-80,minecraft:sculk_catalyst
-94,-52,93,minecraft:sculk_catalyst
-44,153,103,minecraft:beehive
-38,-25,98,minecraft:sculk_sensor
-45,-52,99,minecraft:sculk_catalyst
-45,-54,100,minecraft:sculk_sensor
-44,-54,101,minecraft:sculk_sensor
-10,-22,101,minecraft:sculk_sensor
-9,-22,101,minecraft:sculk_sensor
-15,-33,103,minecraft:sculk_catalyst
-11,-22,100,minecraft:sculk_sensor
-6,-39,109,minecraft:sculk_sensor
-63,-47,-82,minecraft:sculk_sensor
-59,-46,-86,minecraft:sculk_catalyst
-59,-45,-88,minecraft:sculk_sensor
-59,-44,-91,minecraft:sculk_sensor
-61,-46,-90,minecraft:sculk_sensor
-62,-45,-93,minecraft:sculk_sensor
-59,-43,-93,minecraft:sculk_sensor
-33,-36,-88,minecraft:sculk_sensor
-40,-22,-85,minecraft:sculk_sensor
-41,-22,-86,minecraft:sculk_sensor
-94,-14,-64,minecraft:sculk_sensor
-86,-36,-80,minecraft:sculk_sensor
-87,-37,-80,minecraft:sculk_catalyst
-85,-36,-80,minecraft:sculk_sensor
-88,-35,-80,minecraft:sculk_sensor
-89,-34,-66,minecraft:sculk_sensor
-91,-53,-95,minecraft:sculk_sensor
-93,-51,-95,minecraft:sculk_sensor
-26,-24,-82,minecraft:sculk_sensor
-29,-25,-87,minecraft:sculk_sensor
-30,-25,-89,minecraft:sculk_sensor
106,221,-19,minecraft:beehive
12,-10,-81,minecraft:sculk_catalyst
57,0,-90,minecraft:sculk_sensor
-108,-19,97,minecraft:sculk_shrieker
-108,-21,100,minecraft:sculk_sensor
-102,139,82,minecraft:campfire
-99,139,85,minecraft:campfire
-97,139,87,minecraft:campfire
-105,-20,118,minecraft:sculk_sensor
-102,-25,121,minecraft:sculk_sensor
-66,-24,112,minecraft:sculk_sensor
-57,-24,127,minecraft:sculk_sensor
-41,-28,126,minecraft:sculk_catalyst
-41,-29,117,minecraft:sculk_catalyst
-42,-33,118,minecraft:sculk_shrieker
-43,-28,123,minecraft:sculk_sensor
-42,-33,117,minecraft:sculk_sensor
-39,-29,121,minecraft:sculk_sensor
-41,-32,120,minecraft:sculk_shrieker
-41,-36,116,minecraft:sculk_sensor
11,-35,117,minecraft:sculk_sensor
14,-33,118,minecraft:sculk_sensor
6,-37,122,minecraft:sculk_catalyst
15,-33,116,minecraft:sculk_sensor
6,-37,121,minecraft:sculk_shrieker
14,-33,117,minecraft:sculk_sensor
7,-37,123,minecraft:sculk_sensor
12,-34,120,minecraft:sculk_catalyst
6,-37,123,minecraft:sculk_sensor
15,-32,112,minecraft:sculk_sensor
22,-33,121,minecraft:sculk_sensor
16,-31,116,minecraft:sculk_sensor
21,-33,126,minecraft:sculk_catalyst
20,-30,123,minecraft:sculk_sensor
20,-30,124,minecraft:sculk_sensor
-64,-38,-110,minecraft:sculk_catalyst
-83,156,-100,thermal:tinker_bench
-26,-46,-100,minecraft:sculk_sensor
-112,-35,-45,minecraft:sculk_sensor
-100,-12,-61,minecraft:sculk_sensor
-112,-44,-66,minecraft:sculk_shrieker
-102,-23,-83,minecraft:sculk_shrieker
-16,-23,-109,minecraft:sculk_sensor
104,-47,-108,minecraft:sculk_sensor
98,4,-107,minecraft:sculk_catalyst
-117,-38,95,minecraft:sculk_sensor
-119,-31,93,minecraft:sculk_catalyst
-117,-33,93,minecraft:sculk_sensor
-118,-34,93,minecraft:sculk_catalyst
-118,-37,95,minecraft:sculk_sensor
-117,-37,94,minecraft:sculk_sensor
-122,-39,134,minecraft:sculk_catalyst
-121,-43,143,minecraft:sculk_sensor
-113,-46,136,minecraft:sculk_sensor
-116,-45,128,minecraft:sculk_sensor
-118,-46,131,minecraft:sculk_sensor
-116,-42,134,minecraft:sculk_sensor
-124,-39,131,minecraft:sculk_catalyst
-111,-44,130,minecraft:sculk_catalyst
-110,-47,139,minecraft:sculk_sensor
-68,-19,132,minecraft:sculk_sensor
-71,-22,132,minecraft:sculk_sensor
-72,-23,134,minecraft:sculk_sensor
-67,-19,133,minecraft:sculk_sensor
-66,-20,137,minecraft:sculk_sensor
-67,-22,135,minecraft:sculk_sensor
-69,-24,135,minecraft:sculk_sensor
-57,-26,130,minecraft:sculk_catalyst
-57,-26,129,minecraft:sculk_sensor
-56,-26,131,minecraft:sculk_sensor
-39,-25,129,minecraft:sculk_sensor
-40,-26,128,minecraft:sculk_sensor
2,-33,130,minecraft:sculk_sensor
3,-34,129,minecraft:sculk_catalyst
28,-32,128,minecraft:sculk_sensor
-49,-42,-128,minecraft:sculk_sensor
-51,-44,-128,minecraft:sculk_sensor
-51,-17,-120,minecraft:sculk_sensor
-53,-15,-116,minecraft:sculk_catalyst
-54,-44,-128,minecraft:sculk_shrieker
-57,-24,-127,minecraft:sculk_shrieker
-71,-42,-121,minecraft:sculk_sensor
-71,-43,-123,minecraft:sculk_catalyst
-72,-42,-125,minecraft:sculk_sensor
-74,-42,-126,minecraft:sculk_sensor
-48,-41,-127,minecraft:sculk_shrieker
-48,-41,-126,minecraft:sculk_sensor
-26,139,-125,minecraft:campfire
-17,-45,-126,minecraft:sculk_sensor
-23,-23,-113,minecraft:sculk_sensor
-18,-46,-127,minecraft:sculk_catalyst
-21,-41,-123,minecraft:sculk_sensor
-114,-28,54,minecraft:sculk_catalyst
-125,62,0,minecraft:campfire
-116,-33,-47,minecraft:sculk_catalyst
-118,-32,-46,minecraft:sculk_sensor
-118,-32,-47,minecraft:sculk_sensor
125,18,129,minecraft:campfire
-116,-13,-60,minecraft:sculk_sensor
-121,-15,-58,minecraft:sculk_sensor
-121,-15,-59,minecraft:sculk_sensor
-121,-15,-60,minecraft:sculk_sensor
-120,-14,-76,minecraft:sculk_catalyst
-121,-30,-78,minecraft:sculk_sensor
-118,-44,-65,minecraft:sculk_shrieker
-119,-44,-65,minecraft:sculk_catalyst
-120,-43,-65,minecraft:sculk_sensor
-119,-43,-67,minecraft:sculk_sensor
-115,-12,-93,minecraft:sculk_catalyst
-115,-14,-124,minecraft:mob_spawner
-126,-22,-125,minecraft:sculk_sensor
-127,-23,-128,minecraft:sculk_sensor
-5,-49,-126,minecraft:sculk_sensor
-10,-51,-125,minecraft:sculk_sensor
-7,-50,-127,minecraft:sculk_sensor
-4,-46,-127,minecraft:sculk_sensor
-9,-18,-113,minecraft:sculk_sensor
-8,-49,-128,minecraft:sculk_catalyst
-8,-17,-115,minecraft:sculk_sensor
-11,-19,-115,minecraft:sculk_sensor
-13,-20,-116,minecraft:sculk_shrieker
12,44,-118,minecraft:campfire
102,-42,-118,minecraft:sculk_sensor
104,-40,-118,minecraft:sculk_sensor
104,-15,-113,minecraft:sculk_sensor
100,-40,-120,minecraft:sculk_sensor
99,-41,-120,minecraft:sculk_sensor
-143,-29,113,minecraft:sculk_sensor
8,-29,157,minecraft:sculk_catalyst
9,-29,157,minecraft:sculk_sensor
12,-27,151,minecraft:sculk_sensor
-80,-35,147,minecraft:sculk_catalyst
-77,-35,148,minecraft:sculk_sensor
-74,-33,151,minecraft:sculk_sensor
-79,-34,153,minecraft:sculk_sensor
-71,-29,150,minecraft:sculk_sensor
-75,-34,150,minecraft:sculk_sensor
-77,-34,152,minecraft:sculk_sensor
-92,-25,156,minecraft:mob_spawner
-122,-43,144,minecraft:sculk_sensor
-131,-44,147,minecraft:sculk_catalyst
-67,-50,-144,minecraft:sculk_sensor
-53,-21,-130,minecraft:sculk_sensor
-53,-24,-133,minecraft:sculk_sensor
-52,-20,-129,minecraft:sculk_sensor
-54,-22,-129,minecraft:sculk_sensor
-55,-27,-133,minecraft:sculk_sensor
-54,-27,-137,minecraft:sculk_sensor
-52,-20,-132,minecraft:sculk_sensor
-52,-22,-133,minecraft:sculk_catalyst
-51,-19,-131,minecraft:sculk_sensor
-51,-18,-133,minecraft:sculk_shrieker
-53,-24,-138,minecraft:sculk_sensor
-52,-21,-134,minecraft:sculk_sensor
-54,-26,-138,minecraft:sculk_sensor
-55,-26,-131,minecraft:sculk_shrieker
-57,-31,-134,minecraft:sculk_sensor
-56,-26,-129,minecraft:sculk_sensor
-17,-52,-132,minecraft:sculk_sensor
-18,-51,-133,minecraft:sculk_catalyst
-135,-35,52,minecraft:sculk_catalyst
-144,-23,44,minecraft:sculk_sensor
-138,-26,44,minecraft:sculk_shrieker
-139,-26,46,minecraft:sculk_sensor
-136,-25,44,minecraft:sculk_sensor
81,-14,147,quark:monster_box
153,46,116,minecraft:campfire
150,226,-3,minecraft:beehive
-129,-42,-51,minecraft:sculk_catalyst
-118,-46,-134,minecraft:sculk_catalyst
-119,-52,-138,minecraft:sculk_sensor
-9,-52,-129,minecraft:sculk_sensor
-12,-53,-136,minecraft:sculk_sensor
3,-17,-133,minecraft:sculk_sensor
15,-47,-134,minecraft:sculk_sensor
1,-17,-136,minecraft:sculk_sensor
8,-23,-139,minecraft:sculk_sensor
7,-17,-132,minecraft:sculk_sensor
9,-16,-132,minecraft:sculk_sensor
15,-47,-136,minecraft:sculk_sensor
12,-44,-136,minecraft:sculk_sensor
16,-45,-136,minecraft:sculk_catalyst
58,-9,-134,minecraft:sculk_catalyst
57,-8,-135,minecraft:sculk_sensor
63,-50,-137,minecraft:sculk_sensor
57,-8,-136,minecraft:sculk_sensor
55,-8,-139,minecraft:sculk_sensor
64,-50,-132,minecraft:sculk_sensor
65,-48,-133,minecraft:sculk_sensor
65,-49,-134,minecraft:sculk_sensor
66,-46,-134,minecraft:sculk_sensor
66,-48,-135,minecraft:sculk_sensor
87,-5,-144,minecraft:sculk_sensor
91,-49,-139,minecraft:mob_spawner
132,-10,-134,minecraft:campfire
132,167,-133,minecraft:campfire
150,-24,-99,quark:monster_box
-129,-17,-65,minecraft:sculk_sensor
-129,-17,-66,minecraft:sculk_sensor
-142,-53,-79,minecraft:sculk_sensor
-143,-53,-79,minecraft:sculk_shrieker
-142,-53,-80,minecraft:sculk_sensor
-136,-5,-75,minecraft:sculk_sensor
-131,-29,-74,minecraft:sculk_sensor
-131,-32,-77,minecraft:sculk_shrieker
-143,-23,-86,minecraft:sculk_sensor
-152,-29,76,minecraft:sculk_catalyst
-150,-28,79,minecraft:sculk_sensor
-148,-30,79,minecraft:sculk_sensor
-149,-30,79,minecraft:sculk_sensor
-148,-27,83,minecraft:sculk_sensor
-151,-38,100,minecraft:sculk_sensor
-153,-36,105,minecraft:sculk_catalyst
-148,-37,102,minecraft:sculk_sensor
-159,-26,97,minecraft:sculk_sensor
-156,-26,96,minecraft:sculk_catalyst
-31,-40,174,minecraft:sculk_sensor
-30,-40,174,minecraft:sculk_shrieker
-10,-40,174,minecraft:sculk_sensor
-9,-40,173,minecraft:sculk_catalyst
-45,140,173,minecraft:campfire
-71,-30,170,minecraft:sculk_sensor
-69,-37,164,minecraft:sculk_sensor
-72,-29,169,minecraft:sculk_sensor
-73,-33,167,minecraft:sculk_sensor
-74,-28,170,minecraft:sculk_catalyst
-70,-26,168,minecraft:sculk_catalyst
-73,-29,169,minecraft:sculk_sensor
-79,-33,-160,minecraft:sculk_sensor
-49,-52,-160,minecraft:sculk_sensor
-145,-15,0,minecraft:sculk_sensor
-152,-29,-26,minecraft:sculk_shrieker
-156,-23,-20,minecraft:sculk_sensor
-111,-52,-152,minecraft:sculk_sensor
-110,-50,-151,minecraft:sculk_sensor
-110,-48,-152,minecraft:sculk_sensor
-110,-53,-147,minecraft:sculk_sensor
-110,-52,-150,minecraft:sculk_sensor
-110,-53,-151,minecraft:sculk_catalyst
-111,-52,-146,minecraft:sculk_sensor
-107,-48,-147,minecraft:sculk_catalyst
167,134,50,minecraft:campfire
166,227,13,minecraft:campfire
160,216,15,minecraft:brewing_stand
164,247,11,minecraft:campfire
162,242,9,minecraft:campfire
-8,-44,-158,minecraft:sculk_sensor
46,-18,-152,minecraft:sculk_sensor
47,-21,-153,minecraft:sculk_catalyst
45,-18,-153,minecraft:sculk_sensor
86,-4,-145,minecraft:sculk_catalyst
92,0,-152,minecraft:sculk_sensor
85,0,-145,minecraft:sculk_sensor
111,-53,-150,minecraft:sculk_shrieker
113,-51,-151,minecraft:sculk_sensor
137,-50,-158,minecraft:sculk_sensor
139,-48,-158,minecraft:sculk_catalyst
-146,-28,-75,minecraft:sculk_sensor
149,-50,-160,minecraft:sculk_sensor
-154,-54,-121,minecraft:sculk_sensor
-150,-50,-146,minecraft:sculk_catalyst
-149,-49,-153,minecraft:sculk_sensor
-22,-32,185,minecraft:sculk_catalyst
-30,-32,181,minecraft:sculk_sensor
-31,-32,179,minecraft:sculk_sensor
-27,-33,180,minecraft:sculk_sensor
-28,-35,177,minecraft:sculk_sensor
-25,-33,183,minecraft:sculk_sensor
-26,-34,180,minecraft:sculk_sensor
-15,-34,179,minecraft:sculk_catalyst
-16,-34,178,minecraft:sculk_sensor
-15,-34,178,minecraft:sculk_sensor
22,-36,177,minecraft:sculk_sensor
-174,-30,96,minecraft:sculk_sensor
-171,-30,95,minecraft:sculk_catalyst
-169,-29,94,minecraft:sculk_sensor
-172,-33,55,minecraft:sculk_sensor
-175,-24,31,minecraft:sculk_sensor
-164,-21,2,minecraft:sculk_catalyst
-164,-21,3,minecraft:sculk_sensor
-163,-21,3,minecraft:sculk_sensor
-163,-23,2,minecraft:sculk_sensor
-167,-23,6,minecraft:sculk_sensor
-166,-22,8,minecraft:sculk_sensor
-161,-22,4,minecraft:sculk_sensor
-87,-30,182,minecraft:sculk_sensor
-123,-48,-172,minecraft:sculk_sensor
-122,-54,-167,minecraft:sculk_sensor
-75,-39,-168,minecraft:sculk_sensor
-74,-39,-167,minecraft:sculk_sensor
-60,-54,-168,minecraft:sculk_sensor
-48,-52,-165,minecraft:sculk_sensor
-47,-51,-173,minecraft:sculk_sensor
-30,-26,-171,minecraft:sculk_sensor
-30,-27,-172,minecraft:sculk_sensor
-29,-27,-172,minecraft:sculk_sensor
14,-22,-166,minecraft:sculk_sensor
14,-15,-164,minecraft:sculk_sensor
14,-23,-165,minecraft:sculk_sensor
30,-20,-164,minecraft:sculk_sensor
27,-23,-169,minecraft:sculk_sensor
18,-53,-175,minecraft:sculk_shrieker
22,-44,-168,minecraft:sculk_catalyst
18,-54,-174,minecraft:sculk_catalyst
30,-20,-168,minecraft:sculk_shrieker
30,-21,-169,minecraft:sculk_sensor
29,-22,-169,minecraft:sculk_sensor
39,-16,-170,minecraft:sculk_catalyst
32,-20,-169,minecraft:sculk_sensor
34,-22,-173,minecraft:sculk_sensor
34,-23,-175,minecraft:sculk_catalyst
37,-17,-172,minecraft:sculk_sensor
32,-18,-168,minecraft:sculk_sensor
37,-21,-176,minecraft:sculk_sensor
74,-50,-176,minecraft:sculk_sensor
78,-51,-173,minecraft:sculk_sensor
77,-52,-173,minecraft:sculk_sensor
77,-53,-171,minecraft:sculk_sensor
78,-51,-174,minecraft:sculk_catalyst
76,-46,-168,minecraft:sculk_catalyst
82,-53,-169,minecraft:sculk_sensor
104,-33,-175,minecraft:sculk_sensor
103,-32,-176,minecraft:sculk_sensor
136,-45,-161,minecraft:sculk_catalyst
133,-48,-165,minecraft:sculk_sensor
-150,-47,-168,minecraft:sculk_sensor
-172,-8,-80,minecraft:sculk_catalyst
-174,-27,-71,minecraft:sculk_sensor
-174,-27,-70,minecraft:sculk_shrieker
-172,-25,-72,minecraft:sculk_sensor
-171,-19,-85,minecraft:sculk_catalyst
-164,-35,-94,minecraft:sculk_sensor
-166,-27,-109,minecraft:sculk_sensor
-171,-27,-106,minecraft:sculk_sensor
-169,-27,-108,minecraft:sculk_sensor
-170,-27,-108,minecraft:sculk_catalyst
-174,-38,-99,minecraft:sculk_sensor
-163,-52,-112,minecraft:sculk_sensor
-174,-43,-108,minecraft:sculk_catalyst
-163,-42,-124,quark:monster_box
-163,-27,-115,minecraft:sculk_sensor
-182,-37,-97,minecraft:sculk_sensor
-177,-38,-97,minecraft:sculk_sensor
-180,-39,-97,minecraft:sculk_sensor
-177,-41,-90,minecraft:sculk_catalyst
-183,-38,-96,minecraft:sculk_sensor
-179,-15,-85,minecraft:sculk_sensor
-189,-22,-28,minecraft:sculk_sensor
-186,-22,20,minecraft:sculk_sensor
-190,-21,28,minecraft:sculk_sensor
-189,-22,26,minecraft:sculk_sensor
-189,-22,27,minecraft:sculk_catalyst
-190,-20,23,minecraft:sculk_sensor
-187,-21,20,minecraft:sculk_sensor
-180,-50,-132,minecraft:sculk_shrieker
-192,-52,-138,minecraft:sculk_sensor
-177,-54,-117,minecraft:sculk_sensor
-189,-22,-120,quark:monster_box
-190,-35,-168,minecraft:sculk_sensor
-185,-39,-175,minecraft:sculk_catalyst
-183,-36,-164,minecraft:sculk_shrieker
-183,-36,-165,minecraft:sculk_sensor
-183,-38,-170,minecraft:sculk_sensor
-184,-34,-164,minecraft:sculk_sensor
-187,-35,-165,minecraft:sculk_catalyst
-187,-35,-166,minecraft:sculk_sensor
-186,-34,-166,minecraft:sculk_sensor
-82,-31,-190,minecraft:sculk_catalyst
-86,-10,-181,minecraft:sculk_sensor
-87,-10,-186,minecraft:sculk_sensor
-89,-10,-185,minecraft:sculk_sensor
-90,-9,-186,minecraft:sculk_sensor
-90,-10,-185,minecraft:sculk_catalyst
-69,-54,-187,minecraft:sculk_shrieker
-73,-52,-186,minecraft:sculk_sensor
-44,-48,-183,minecraft:sculk_catalyst
-34,-18,-177,minecraft:sculk_sensor
-34,145,-188,minecraft:campfire
-188,-36,-180,minecraft:sculk_sensor
-186,-53,-183,minecraft:sculk_sensor
-190,-53,-182,minecraft:sculk_sensor
-186,-54,-186,minecraft:sculk_catalyst
-189,-54,-183,minecraft:sculk_sensor
-191,-53,-180,minecraft:sculk_sensor
-190,-53,-181,minecraft:sculk_catalyst
-170,-50,-188,minecraft:sculk_sensor
-162,-51,-181,minecraft:sculk_sensor
-21,-42,-182,minecraft:sculk_sensor
-30,-18,-181,minecraft:sculk_sensor
-18,-41,-182,minecraft:sculk_sensor
-194,-43,-26,minecraft:sculk_shrieker
-194,-42,-28,minecraft:sculk_sensor
-194,-41,-29,minecraft:sculk_catalyst
-204,-19,-12,minecraft:sculk_catalyst
-202,-49,2,minecraft:sculk_sensor
-201,-49,2,minecraft:sculk_sensor
-205,-26,20,minecraft:sculk_catalyst
-205,-25,18,minecraft:sculk_sensor
-204,-32,-49,minecraft:sculk_sensor
-194,-52,-132,minecraft:sculk_sensor
-194,-52,-137,minecraft:sculk_sensor
-200,-53,-131,minecraft:sculk_sensor
-195,-18,-133,minecraft:sculk_sensor
-201,-53,-131,minecraft:sculk_sensor
-200,-52,-133,minecraft:sculk_sensor
-200,-52,-136,minecraft:sculk_sensor
-194,-52,-139,minecraft:sculk_sensor
-197,-19,-136,minecraft:sculk_sensor
-198,-51,-138,minecraft:sculk_sensor
-197,-19,-139,minecraft:sculk_catalyst
-197,-19,-140,minecraft:sculk_sensor
-207,-18,-150,minecraft:sculk_sensor
-205,-18,-150,minecraft:sculk_catalyst
-208,-21,-158,minecraft:sculk_catalyst
-205,-18,-149,minecraft:sculk_sensor
-204,-17,-149,minecraft:sculk_sensor
-207,-41,-172,minecraft:sculk_sensor
-208,-12,-162,minecraft:sculk_sensor
-205,-41,-167,minecraft:sculk_sensor
-205,-42,-169,minecraft:sculk_sensor
-10,-21,-178,minecraft:sculk_sensor
-11,-21,-181,minecraft:sculk_sensor
-11,-23,-184,minecraft:sculk_sensor
-4,-19,-190,minecraft:sculk_sensor
-7,-16,-185,minecraft:sculk_sensor
-193,-52,-182,minecraft:sculk_sensor
-202,-35,-186,minecraft:sculk_sensor
-201,-36,-188,minecraft:sculk_sensor
-196,-36,-188,minecraft:sculk_sensor
-195,-37,-190,minecraft:sculk_sensor
-200,-34,-183,minecraft:sculk_shrieker
13,-54,-181,minecraft:sculk_sensor
16,-25,-177,minecraft:sculk_catalyst
28,-24,-190,minecraft:sculk_sensor
16,-53,-181,minecraft:sculk_sensor
9,-17,-203,minecraft:sculk_sensor
13,-20,-200,minecraft:sculk_catalyst
3,-17,-203,minecraft:sculk_sensor
13,-20,-201,minecraft:sculk_sensor
11,-19,-201,minecraft:sculk_shrieker
8,-18,-201,minecraft:sculk_sensor
8,-19,-200,minecraft:sculk_sensor
7,-20,-200,minecraft:sculk_catalyst
-57,-48,-200,minecraft:sculk_sensor
-33,-34,-196,minecraft:sculk_sensor
-37,-29,-200,minecraft:sculk_sensor
-38,-25,-195,minecraft:sculk_sensor
-25,-28,-201,minecraft:sculk_catalyst
-74,-49,-203,minecraft:sculk_sensor
-68,-29,-202,minecraft:sculk_catalyst
-76,-51,-201,minecraft:sculk_sensor
-77,-50,-203,minecraft:sculk_sensor
-78,-49,-206,minecraft:sculk_sensor
-79,-49,-205,minecraft:sculk_sensor
-77,-49,-206,minecraft:sculk_catalyst
-77,-48,-208,minecraft:sculk_sensor
-78,-49,-208,minecraft:sculk_catalyst
-222,-20,-10,minecraft:sculk_catalyst
-224,-17,-7,minecraft:sculk_sensor
-216,-17,-16,minecraft:sculk_sensor
-223,-18,-11,minecraft:sculk_sensor
-222,-18,-14,minecraft:sculk_sensor
-214,-29,-1,minecraft:sculk_sensor
-215,-29,-1,minecraft:sculk_sensor
-214,-28,-2,minecraft:sculk_sensor
-210,-19,-15,minecraft:sculk_catalyst
-211,-18,-15,minecraft:sculk_sensor
-217,-36,-60,minecraft:sculk_sensor
-218,-37,-61,minecraft:sculk_sensor
-220,-39,-62,minecraft:sculk_catalyst
-217,-36,-62,minecraft:sculk_sensor
-218,-38,-58,minecraft:sculk_sensor
-214,29,-36,minecraft:campfire
-209,-15,-19,minecraft:sculk_shrieker
-212,-16,-25,minecraft:sculk_catalyst
-223,-20,-18,minecraft:sculk_sensor
-221,-19,-20,minecraft:sculk_catalyst
-223,-20,-19,minecraft:sculk_sensor
-216,-23,1,minecraft:sculk_sensor
-216,-26,4,minecraft:sculk_shrieker
-192,-26,-193,minecraft:sculk_sensor
-191,-26,-197,minecraft:sculk_sensor
-183,-49,-201,minecraft:sculk_sensor
-222,-28,-98,minecraft:sculk_sensor
-215,-34,-79,minecraft:sculk_catalyst
-213,-29,-76,minecraft:sculk_sensor
-212,-27,-75,minecraft:sculk_sensor
-220,-36,-78,minecraft:sculk_sensor
-223,-34,-77,minecraft:sculk_shrieker
-224,-34,-77,minecraft:sculk_shrieker
-215,-19,-73,minecraft:sculk_sensor
-213,-39,-65,minecraft:sculk_sensor
-212,-39,-66,minecraft:sculk_sensor
-224,-28,-78,minecraft:sculk_sensor
-219,-39,-66,minecraft:sculk_sensor
-220,-38,-67,quark:monster_box
-213,-41,-79,minecraft:sculk_sensor
-212,-40,-79,minecraft:sculk_sensor
-214,-27,-86,minecraft:sculk_sensor
-214,-34,-82,minecraft:sculk_sensor
-214,-28,-96,minecraft:sculk_catalyst
-215,-30,-82,minecraft:sculk_sensor
-219,-29,-93,minecraft:sculk_sensor
-215,-28,-83,minecraft:sculk_sensor
-214,-41,-81,minecraft:sculk_sensor
-224,-35,-81,minecraft:sculk_sensor
-213,-26,-85,minecraft:sculk_catalyst
-215,-28,-84,minecraft:sculk_sensor
-223,-29,-93,minecraft:sculk_sensor
-214,-46,-140,minecraft:sculk_shrieker
-211,-18,-145,minecraft:sculk_sensor
-196,-35,-193,minecraft:sculk_sensor
-200,-35,-193,minecraft:sculk_sensor
-193,-39,50,minecraft:sculk_catalyst
-224,25,48,minecraft:campfire
-210,-22,-171,minecraft:sculk_sensor
-211,-23,-174,minecraft:sculk_sensor
-209,-23,-176,minecraft:sculk_sensor
-210,-42,-166,minecraft:sculk_sensor
-219,-16,-189,minecraft:sculk_sensor
-209,-23,-177,minecraft:sculk_sensor
-222,-17,-191,minecraft:sculk_sensor
-221,-17,-190,minecraft:sculk_catalyst
-224,-17,-192,minecraft:sculk_sensor
37,-21,-190,minecraft:sculk_sensor
40,-23,-192,minecraft:sculk_sensor
36,-22,-177,minecraft:sculk_sensor
35,-24,-182,minecraft:sculk_shrieker
36,-23,-180,minecraft:sculk_sensor
35,-24,-180,minecraft:sculk_sensor
19,-18,-206,minecraft:sculk_catalyst
16,-19,-208,minecraft:sculk_sensor
-222,-23,-204,minecraft:sculk_sensor
-224,-18,-193,minecraft:sculk_sensor
-220,-22,-201,minecraft:sculk_sensor
-219,-25,-206,minecraft:sculk_sensor
-226,-16,-11,minecraft:sculk_sensor
40,-24,-196,minecraft:sculk_sensor
41,-53,-197,minecraft:sculk_sensor
39,-18,-193,minecraft:sculk_catalyst
43,-23,-199,minecraft:sculk_sensor
41,-54,-202,minecraft:sculk_sensor
37,-20,-197,minecraft:sculk_sensor
38,-20,-196,minecraft:sculk_sensor
35,-21,-194,minecraft:sculk_sensor
39,-50,-201,minecraft:sculk_sensor
40,-53,-202,minecraft:sculk_sensor
39,-49,-197,minecraft:sculk_sensor
36,-19,-196,minecraft:sculk_sensor
40,-52,-201,minecraft:sculk_sensor
41,-54,-204,minecraft:sculk_sensor
-225,-28,-78,minecraft:sculk_shrieker
-235,-45,-71,minecraft:sculk_sensor
-235,-46,-72,minecraft:sculk_sensor
-234,-38,-76,minecraft:sculk_catalyst
-237,-38,-72,minecraft:sculk_sensor
-231,-36,-81,minecraft:sculk_sensor
-228,-10,-83,quark:monster_box
-225,-20,-21,minecraft:sculk_catalyst
-225,-20,-19,minecraft:sculk_sensor
-47,-3,-211,minecraft:sculk_sensor
13,-21,-212,minecraft:sculk_sensor
12,18,-218,minecraft:campfire
18,-19,-211,minecraft:sculk_sensor
17,-20,-211,minecraft:sculk_sensor
-57,-45,-216,minecraft:sculk_sensor
-52,-43,-222,minecraft:sculk_sensor
-56,-43,-223,minecraft:sculk_catalyst
-237,-24,-113,minecraft:sculk_sensor
-236,-24,-114,minecraft:sculk_shrieker
-225,-28,-97,minecraft:sculk_catalyst
-230,-24,-105,minecraft:sculk_sensor
-229,-24,-106,minecraft:sculk_sensor
-233,-23,-105,minecraft:sculk_sensor
-228,-28,-101,minecraft:sculk_sensor
-233,-23,-107,minecraft:sculk_catalyst
-233,-37,-173,minecraft:sculk_shrieker
-232,-38,-173,minecraft:sculk_sensor
-240,106,-145,minecraft:campfire
-228,-14,-190,minecraft:sculk_sensor
-231,-16,-196,minecraft:sculk_sensor
-231,-16,-197,minecraft:sculk_sensor
-231,-17,-198,minecraft:sculk_catalyst
-228,-18,-199,minecraft:sculk_sensor
-229,-18,-198,minecraft:sculk_sensor
-236,-12,-202,minecraft:sculk_catalyst
-230,-17,-197,minecraft:sculk_sensor
-228,-20,-206,minecraft:sculk_catalyst
-233,-14,-194,minecraft:sculk_sensor
59,-36,-208,minecraft:sculk_catalyst
60,-35,-204,minecraft:sculk_catalyst
62,-48,-224,minecraft:sculk_sensor
59,-36,-215,minecraft:sculk_sensor
57,-37,-213,minecraft:sculk_sensor
51,-21,-221,minecraft:sculk_sensor
57,-36,-217,minecraft:sculk_catalyst
63,-16,-223,minecraft:sculk_sensor
-206,-49,78,minecraft:sculk_sensor
-196,-37,78,minecraft:sculk_catalyst
-194,-52,76,minecraft:sculk_sensor
69,-49,-185,minecraft:sculk_sensor
71,-53,-177,minecraft:sculk_shrieker
69,-49,-177,minecraft:sculk_sensor
66,-49,-191,minecraft:sculk_sensor
73,-49,-179,minecraft:sculk_sensor
-253,-35,-180,minecraft:sculk_catalyst
-245,-52,-173,minecraft:sculk_sensor
7,-18,-236,minecraft:sculk_catalyst
9,-16,-235,minecraft:sculk_sensor
7,-18,-235,minecraft:sculk_sensor
-22,-38,-232,minecraft:sculk_sensor
-19,-4,-236,minecraft:sculk_sensor
-17,-4,-237,minecraft:sculk_sensor
-19,-4,-234,minecraft:sculk_sensor
-24,-3,-232,minecraft:mob_spawner
-6,-39,-229,minecraft:sculk_sensor
-14,-4,-238,minecraft:sculk_sensor
-8,-40,-236,minecraft:sculk_shrieker
-11,-41,-234,minecraft:sculk_sensor
-3,-39,-237,minecraft:sculk_sensor
-16,-39,-230,minecraft:sculk_shrieker
-9,-41,-237,minecraft:sculk_catalyst
-251,-36,-74,minecraft:sculk_sensor
-252,-34,-74,minecraft:sculk_sensor
-248,-37,-65,minecraft:sculk_sensor
-245,-38,-70,minecraft:sculk_sensor
-244,-38,-71,minecraft:sculk_catalyst
-248,-26,-74,minecraft:sculk_sensor
-249,-38,-71,minecraft:sculk_sensor
-253,-34,-67,minecraft:sculk_sensor
-250,-24,18,minecraft:sculk_sensor
-251,-25,18,minecraft:sculk_sensor
66,8,-206,minecraft:sculk_sensor
69,-33,-207,minecraft:sculk_sensor
-243,-17,-103,minecraft:sculk_shrieker
-242,-15,-105,minecraft:sculk_catalyst
-244,-10,-101,minecraft:sculk_sensor
-253,-29,-84,minecraft:sculk_sensor
-241,-29,-84,minecraft:sculk_sensor
-247,-32,-83,minecraft:sculk_sensor
-250,-33,-83,minecraft:sculk_sensor
-247,-27,-84,minecraft:sculk_sensor
-181,-30,93,minecraft:sculk_catalyst
-180,-31,94,minecraft:sculk_sensor
-201,-46,91,minecraft:sculk_sensor
-198,-46,90,minecraft:sculk_sensor
-199,-45,92,minecraft:sculk_sensor
-202,-50,81,minecraft:sculk_sensor
-202,-51,82,minecraft:sculk_sensor
-202,-51,83,minecraft:sculk_sensor
-200,-52,80,minecraft:sculk_sensor
-200,-48,87,minecraft:sculk_catalyst
-199,-49,85,minecraft:sculk_sensor
-201,-48,87,minecraft:sculk_sensor
62,-16,-225,minecraft:sculk_sensor
62,-18,-226,minecraft:sculk_sensor
62,-18,-225,minecraft:sculk_catalyst
62,-20,-226,minecraft:sculk_catalyst
69,-23,-240,minecraft:sculk_shrieker
79,-53,-237,minecraft:sculk_sensor
75,-40,-214,minecraft:sculk_sensor
73,-34,-210,minecraft:sculk_sensor
76,-44,-222,minecraft:sculk_shrieker
75,-33,-209,minecraft:sculk_catalyst
78,-44,-218,minecraft:sculk_catalyst
77,-43,-213,minecraft:sculk_sensor
-266,-28,-96,minecraft:sculk_catalyst
-260,-26,-57,minecraft:sculk_sensor
-261,-26,-57,minecraft:sculk_catalyst
-261,-26,-58,minecraft:sculk_sensor
-266,-25,-59,minecraft:mob_spawner
-260,-27,-53,minecraft:sculk_sensor
-270,-25,-80,minecraft:sculk_sensor
-267,120,12,minecraft:beehive
-1,-34,-242,minecraft:sculk_sensor
12,-5,-245,minecraft:sculk_catalyst
12,-5,-243,minecraft:sculk_sensor
14,-7,-245,minecraft:sculk_sensor
15,-7,-246,minecraft:sculk_sensor
14,-7,-244,minecraft:sculk_sensor
22,-53,-254,minecraft:sculk_sensor
21,-53,-253,minecraft:sculk_sensor
23,-53,-253,minecraft:sculk_sensor
22,-14,-242,minecraft:sculk_catalyst
-20,-45,-253,minecraft:sculk_sensor
-21,-45,-252,minecraft:sculk_sensor
-17,-43,-254,minecraft:sculk_sensor
-27,-39,-248,minecraft:sculk_shrieker
-18,-45,-251,minecraft:sculk_sensor
-30,-39,-249,minecraft:sculk_sensor
-262,79,-202,minecraft:campfire
63,-23,-247,minecraft:sculk_sensor
63,-22,-250,minecraft:sculk_sensor
61,-24,-242,minecraft:sculk_sensor
-262,-16,-149,minecraft:sculk_sensor
-268,-17,-145,minecraft:sculk_catalyst
-262,-19,-144,minecraft:sculk_catalyst
-270,-17,-143,minecraft:sculk_sensor
-269,-17,-144,minecraft:sculk_sensor
-271,-16,-143,minecraft:sculk_sensor
82,-13,-196,minecraft:mob_spawner
-184,-42,100,minecraft:campfire
-36,-41,-241,minecraft:sculk_sensor
-34,-40,-244,minecraft:sculk_sensor
-33,-40,-244,minecraft:sculk_sensor
-34,-39,-242,minecraft:sculk_catalyst
-267,-23,-17,minecraft:sculk_sensor
65,-52,-247,minecraft:sculk_sensor
67,-24,-242,minecraft:sculk_sensor
69,-23,-242,minecraft:sculk_catalyst
67,-24,-245,minecraft:sculk_sensor
70,-22,-245,minecraft:sculk_sensor
80,-52,-226,minecraft:sculk_catalyst
48,-52,-263,minecraft:sculk_sensor
-15,-45,-268,minecraft:sculk_sensor
4,-44,-271,minecraft:sculk_sensor
47,-52,-260,minecraft:sculk_sensor
47,-49,-264,minecraft:sculk_sensor
-277,29,48,minecraft:furnace
-275,-46,69,minecraft:sculk_catalyst
-280,-46,74,minecraft:sculk_sensor
-280,-48,72,minecraft:sculk_sensor
-277,-50,69,minecraft:sculk_sensor
-280,-48,74,minecraft:sculk_catalyst
-279,-50,73,minecraft:sculk_shrieker
-281,-46,67,minecraft:sculk_sensor
-280,-48,69,minecraft:sculk_catalyst
-280,-48,71,minecraft:sculk_sensor
104,-16,-189,minecraft:sculk_sensor
107,-32,-177,minecraft:sculk_catalyst
106,-31,-180,minecraft:sculk_sensor
111,-13,-218,minecraft:sculk_catalyst
-274,-48,22,minecraft:sculk_sensor
-276,-53,24,minecraft:sculk_sensor
-23,-44,-263,minecraft:sculk_sensor
-20,-46,-257,minecraft:sculk_sensor
-23,-46,-259,minecraft:sculk_sensor
69,-9,-257,minecraft:sculk_catalyst
70,-10,-257,minecraft:sculk_shrieker
76,-16,-257,minecraft:sculk_sensor
72,-10,-257,minecraft:sculk_sensor
99,-41,-260,minecraft:sculk_sensor
103,-43,-263,minecraft:sculk_sensor
106,-52,-259,minecraft:sculk_sensor
105,-47,-263,minecraft:sculk_shrieker
-290,122,6,minecraft:beehive
-292,-53,-175,minecraft:sculk_sensor
-300,-22,-146,minecraft:sculk_sensor
-303,-23,-149,minecraft:sculk_sensor
-301,-34,-193,minecraft:sculk_catalyst
-303,-34,-195,minecraft:sculk_sensor
-291,-37,-189,minecraft:campfire
-291,14,-185,minecraft:campfire
-301,-35,-192,minecraft:sculk_shrieker
-82,227,-287,minecraft:campfire
-79,227,-284,minecraft:campfire
-77,227,-282,minecraft:campfire
-303,-45,-83,minecraft:sculk_catalyst
-222,-8,-279,quark:monster_box
-2,-38,-281,minecraft:sculk_sensor
-2,-38,-280,minecraft:sculk_sensor
-1,-38,-281,minecraft:sculk_sensor
-2,-37,-279,minecraft:sculk_catalyst
1,-42,-275,minecraft:sculk_sensor
1,-43,-276,minecraft:sculk_catalyst
3,-44,-274,minecraft:sculk_sensor
2,-37,-283,minecraft:sculk_catalyst
0,-41,-276,minecraft:sculk_sensor
1,-41,-277,minecraft:sculk_sensor
2,-40,-277,minecraft:sculk_sensor
0,28,-288,minecraft:mob_spawner
-116,-32,-275,minecraft:campfire
126,-24,-216,minecraft:sculk_sensor
116,-19,-217,minecraft:sculk_sensor
124,-23,-211,minecraft:sculk_sensor
123,-22,-209,minecraft:sculk_sensor
127,-25,-214,minecraft:sculk_catalyst
126,-24,-211,minecraft:sculk_sensor
123,-22,-222,minecraft:sculk_sensor
119,-22,-227,minecraft:sculk_sensor
118,-22,-229,minecraft:sculk_sensor
106,-47,-286,minecraft:mob_spawner
87,-16,-274,minecraft:sculk_sensor
-310,-21,-132,minecraft:sculk_catalyst
-310,-20,-133,minecraft:sculk_sensor
-308,-18,-138,minecraft:sculk_sensor
-309,-20,-136,minecraft:sculk_sensor
-309,-20,-137,minecraft:sculk_sensor
-309,-18,-140,minecraft:sculk_sensor
-312,-29,-118,minecraft:sculk_sensor
-313,-27,-117,minecraft:sculk_sensor
-314,-18,-128,minecraft:sculk_sensor
-310,-32,-118,minecraft:sculk_sensor
-310,-32,-119,minecraft:sculk_catalyst
-311,-31,-117,minecraft:sculk_sensor
-311,-32,-118,minecraft:sculk_catalyst
-316,-29,-113,minecraft:sculk_shrieker
-312,-30,-117,minecraft:sculk_sensor
-305,35,-16,minecraft:mob_spawner
130,-25,-218,minecraft:sculk_sensor
128,-24,-213,minecraft:sculk_sensor
128,-25,-214,minecraft:sculk_sensor
-98,-24,-295,quark:monster_box
57,-53,-297,minecraft:sculk_catalyst
-311,-44,-86,minecraft:sculk_shrieker
-305,-45,-84,minecraft:sculk_shrieker
-307,-45,-84,minecraft:sculk_sensor
-307,-45,-83,minecraft:sculk_sensor
97,197,-301,minecraft:beehive
-307,-19,101,quark:monster_box
-326,8,-277,minecraft:sculk_sensor
-324,-36,-294,quark:monster_box
-248,-11,161,quark:monster_box
-331,41,-10,minecraft:mob_spawner
-329,-42,-39,minecraft:sculk_shrieker
-331,-41,-37,minecraft:sculk_sensor
-327,-41,-43,minecraft:sculk_sensor
-249,-35,-319,quark:monster_box
-217,-12,-318,minecraft:mob_spawner
-332,-20,-172,minecraft:sculk_catalyst
-336,-27,-163,minecraft:sculk_catalyst
-331,-49,-104,minecraft:sculk_catalyst
-329,-45,-106,minecraft:sculk_sensor
-330,-45,-107,minecraft:sculk_catalyst
-327,-42,-106,minecraft:sculk_shrieker
-330,-45,-106,minecraft:sculk_sensor
-331,-44,-106,minecraft:sculk_sensor
-331,-42,-107,minecraft:sculk_catalyst
-330,-39,-107,minecraft:sculk_sensor
-324,-28,-104,minecraft:sculk_sensor
-325,-28,-104,minecraft:sculk_shrieker
-326,-28,-105,minecraft:sculk_catalyst
-329,-26,-104,minecraft:sculk_sensor
-331,-51,-102,minecraft:sculk_sensor
-332,-51,-101,minecraft:sculk_sensor
-321,74,-147,minecraft:campfire
-331,-50,-178,minecraft:sculk_catalyst
-332,-9,-307,minecraft:sculk_sensor
-332,-26,113,minecraft:mob_spawner
-7,221,-306,minecraft:campfire
-12,221,-311,minecraft:campfire
-9,221,-308,minecraft:campfire
-204,-25,180,quark:monster_box
-343,-40,-19,minecraft:sculk_catalyst
-352,-16,-16,minecraft:mob_spawner
-351,-40,-180,minecraft:sculk_shrieker
-351,-41,-179,minecraft:sculk_sensor
-352,-41,-179,minecraft:sculk_shrieker
174,129,-210,minecraft:campfire
47,-13,-326,quark:monster_box
-339,15,-262,minecraft:sculk_sensor
-337,15,-263,minecraft:sculk_sensor
-339,15,-260,minecraft:sculk_catalyst
-345,40,-266,minecraft:sculk_catalyst
-286,-17,-329,minecraft:sculk_catalyst
-281,-19,-327,minecraft:sculk_sensor
-278,-17,-329,minecraft:sculk_sensor
-213,-8,-323,minecraft:furnace
-351,-43,-147,minecraft:sculk_sensor
-351,-43,-148,minecraft:sculk_sensor
-348,-44,-144,minecraft:sculk_sensor
-337,-32,-141,minecraft:sculk_sensor
-344,-42,-144,minecraft:sculk_shrieker
-340,-28,-172,minecraft:sculk_sensor
-342,-28,-167,minecraft:sculk_sensor
-342,-28,-168,minecraft:sculk_sensor
-342,-28,-173,minecraft:sculk_sensor
-343,-28,-171,minecraft:sculk_sensor
-293,1,-322,minecraft:campfire
-296,65,-324,minecraft:campfire
-321,6,-333,minecraft:sculk_catalyst
-324,-2,-334,minecraft:sculk_sensor
-309,8,-330,minecraft:sculk_sensor
-307,31,-336,minecraft:sculk_sensor
-308,30,-336,minecraft:sculk_catalyst
-312,30,-333,minecraft:sculk_sensor
-310,8,-336,minecraft:sculk_sensor
-319,6,-330,minecraft:sculk_sensor
-319,6,-331,minecraft:sculk_shrieker
-308,8,-333,minecraft:sculk_sensor
-312,7,-331,minecraft:sculk_sensor
-312,8,-330,minecraft:sculk_catalyst
-345,-25,-311,minecraft:sculk_catalyst
-350,-27,-291,minecraft:sculk_sensor
-368,-46,-191,minecraft:sculk_catalyst
-362,-54,-164,minecraft:sculk_sensor
-365,-54,-166,minecraft:sculk_sensor
-364,-53,-157,minecraft:sculk_sensor
-356,-40,-149,minecraft:sculk_sensor
-360,-53,-158,minecraft:sculk_sensor
-353,-45,-145,minecraft:sculk_catalyst
-353,-44,-145,minecraft:sculk_sensor
-359,-53,-158,minecraft:sculk_sensor
-353,-41,-149,minecraft:sculk_sensor
178,-17,-246,minecraft:sculk_catalyst
176,-19,-244,minecraft:sculk_sensor
178,-27,-225,minecraft:sculk_sensor
180,-30,-226,minecraft:sculk_catalyst
188,-19,-239,minecraft:sculk_sensor
182,-29,-225,minecraft:sculk_sensor
188,-17,-235,minecraft:sculk_sensor
191,-18,-239,minecraft:sculk_sensor
189,14,-195,minecraft:sculk_sensor
190,12,-196,minecraft:sculk_sensor
188,16,-194,minecraft:sculk_sensor
187,16,-196,minecraft:sculk_sensor
190,13,-193,minecraft:sculk_sensor
178,-27,-224,minecraft:sculk_sensor
180,-28,-224,minecraft:sculk_sensor
-358,105,-36,minecraft:beehive
-309,30,-338,minecraft:sculk_sensor
-308,29,-343,minecraft:sculk_sensor
-311,29,-340,minecraft:sculk_sensor
-314,29,-343,minecraft:sculk_sensor
-312,0,-343,minecraft:sculk_catalyst
-310,-42,-350,minecraft:sculk_sensor
-313,29,-340,minecraft:sculk_sensor
-319,12,-352,minecraft:sculk_catalyst
-317,30,-349,minecraft:sculk_sensor
-319,-40,-352,minecraft:sculk_sensor
-312,9,-337,minecraft:sculk_catalyst
-319,4,-343,minecraft:sculk_sensor
-313,6,-347,minecraft:sculk_sensor
191,12,-190,minecraft:sculk_sensor
191,11,-191,minecraft:sculk_sensor
190,13,-192,minecraft:sculk_sensor
-112,-54,203,minecraft:sculk_sensor
-353,-43,-143,minecraft:sculk_sensor
-358,-43,-144,minecraft:sculk_sensor
-356,-43,-144,minecraft:sculk_sensor
-358,-43,-143,minecraft:sculk_sensor
185,130,-319,minecraft:mob_spawner
-348,-41,-339,minecraft:sculk_sensor
-346,-44,-342,minecraft:sculk_catalyst
-340,-45,-340,minecraft:sculk_catalyst
-330,-39,-351,minecraft:sculk_sensor
-331,-39,-350,minecraft:sculk_catalyst
-332,-39,-351,minecraft:sculk_sensor
-327,-1,-350,quark:monster_box
-331,-39,-351,minecraft:sculk_sensor
-324,13,-350,minecraft:sculk_sensor
-331,6,-345,minecraft:sculk_sensor
-332,6,-344,minecraft:sculk_catalyst
-328,7,-347,minecraft:sculk_sensor
-327,8,-346,minecraft:sculk_sensor
-324,-1,-340,minecraft:sculk_sensor
-324,-2,-341,minecraft:sculk_catalyst
-325,14,-350,minecraft:sculk_sensor
-326,15,-350,minecraft:sculk_sensor
-324,-39,-352,minecraft:sculk_sensor
-322,-39,-350,minecraft:sculk_catalyst
-321,3,-341,minecraft:sculk_sensor
-363,-37,-85,minecraft:sculk_sensor
-365,-37,-86,minecraft:sculk_sensor
-363,-37,-89,minecraft:sculk_sensor
-363,29,-273,minecraft:sculk_sensor
-359,-16,52,minecraft:campfire
-357,-11,-290,minecraft:sculk_sensor
-366,-40,-335,minecraft:sculk_sensor
-367,-39,-335,minecraft:sculk_sensor
-361,-16,-336,minecraft:sculk_catalyst
-365,-14,-332,minecraft:sculk_sensor
-359,16,-351,minecraft:sculk_sensor
-368,-16,-344,minecraft:sculk_sensor
-366,-16,-346,minecraft:sculk_sensor
-359,12,-352,minecraft:sculk_sensor
-364,-15,-339,minecraft:sculk_sensor
-382,20,156,minecraft:campfire
-357,15,-354,minecraft:sculk_sensor
-367,-21,-365,minecraft:sculk_catalyst
-355,13,-355,minecraft:sculk_sensor
-323,-39,-353,minecraft:sculk_sensor
-329,163,-368,minecraft:campfire
-317,-40,-355,minecraft:sculk_sensor
-307,12,-354,minecraft:sculk_catalyst
-307,15,-354,minecraft:sculk_sensor
-311,14,-361,minecraft:sculk_catalyst
-308,10,-354,minecraft:sculk_sensor
207,-1,-175,minecraft:sculk_sensor
196,6,-270,minecraft:sculk_sensor
-381,-28,-151,minecraft:sculk_sensor
-381,-27,-150,minecraft:sculk_sensor
-379,-31,-153,minecraft:sculk_sensor
-380,-29,-151,minecraft:sculk_sensor
-379,-31,-154,minecraft:sculk_shrieker
-380,-31,-153,minecraft:sculk_sensor
-374,-48,-174,minecraft:sculk_sensor
-376,-49,-174,minecraft:sculk_sensor
-372,-46,-170,minecraft:sculk_sensor
-372,-47,-171,minecraft:sculk_sensor
-245,2,216,minecraft:furnace
-245,2,215,minecraft:furnace
-379,99,-291,minecraft:campfire
-380,-17,-316,minecraft:mob_spawner
-382,-12,-259,minecraft:sculk_sensor
-370,-53,-270,minecraft:sculk_catalyst
-378,-14,-271,quark:monster_box
-67,-29,209,minecraft:sculk_catalyst
198,-18,-235,minecraft:sculk_sensor
207,-21,-231,minecraft:sculk_catalyst
202,-4,-225,minecraft:sculk_sensor
204,-5,-226,minecraft:sculk_sensor
197,-16,-237,minecraft:sculk_sensor
196,-17,-237,minecraft:sculk_shrieker
201,-19,-230,minecraft:sculk_sensor
206,-4,-226,minecraft:sculk_sensor
194,-16,-239,minecraft:sculk_sensor
-380,-18,-346,minecraft:sculk_shrieker
-371,-17,-348,minecraft:sculk_sensor
-370,-17,-349,minecraft:sculk_sensor
-380,-19,-341,minecraft:sculk_sensor
-372,-16,-345,minecraft:sculk_sensor
-372,-18,-349,minecraft:sculk_sensor
-378,-19,-344,minecraft:sculk_sensor
207,2,-196,minecraft:sculk_catalyst
205,-53,-201,minecraft:sculk_shrieker
207,-22,-204,minecraft:sculk_sensor
203,-53,-200,minecraft:sculk_sensor
206,-22,-204,minecraft:sculk_sensor
205,-22,-204,minecraft:sculk_sensor
201,-48,-201,minecraft:sculk_sensor
202,-21,-206,minecraft:sculk_sensor
206,-48,-203,minecraft:sculk_sensor
-168,-48,211,quark:monster_box
-229,2,215,minecraft:furnace
-233,-2,219,minecraft:mob_spawner
-382,-1,67,minecraft:campfire
-378,22,-212,minecraft:sculk_sensor
-377,22,-213,minecraft:sculk_sensor
-379,-4,-224,minecraft:sculk_catalyst
-377,-1,-215,minecraft:sculk_sensor
-381,1,-202,minecraft:sculk_catalyst
-380,0,-208,minecraft:sculk_sensor
-374,0,-228,minecraft:sculk_sensor
-371,-17,-360,minecraft:sculk_shrieker
-371,-37,-83,minecraft:sculk_sensor
-369,102,-94,minecraft:campfire
-377,-37,-84,minecraft:sculk_shrieker
-369,-33,-70,minecraft:campfire
204,2,-220,minecraft:sculk_sensor
204,-13,-224,minecraft:sculk_sensor
202,1,-217,minecraft:sculk_sensor
196,-13,-224,minecraft:sculk_catalyst
-385,-11,-253,minecraft:sculk_sensor
-386,-11,-251,minecraft:sculk_shrieker
-385,-10,-250,minecraft:sculk_sensor
-400,-50,-254,minecraft:sculk_sensor
-399,-51,-256,minecraft:sculk_sensor
-397,-48,-253,minecraft:sculk_catalyst
-400,-51,-256,minecraft:sculk_sensor
-394,-24,-223,minecraft:sculk_shrieker
-391,-44,-219,minecraft:sculk_sensor
-261,-24,-375,minecraft:sculk_catalyst
-331,168,-371,minecraft:campfire
-328,167,-371,minecraft:campfire
-327,168,-371,minecraft:campfire
-332,163,-370,minecraft:campfire
-330,167,-371,minecraft:campfire
-329,167,-371,minecraft:campfire
-328,163,-371,minecraft:campfire
-330,163,-371,minecraft:campfire
-329,163,-371,minecraft:campfire
-326,163,-370,minecraft:campfire
-365,-33,-380,minecraft:sculk_catalyst
-366,-34,-382,minecraft:sculk_sensor
-368,-32,-377,minecraft:sculk_sensor
45,6,-383,minecraft:campfire
-380,-35,-374,minecraft:sculk_shrieker
-376,-34,-377,minecraft:sculk_sensor
-369,-34,-379,minecraft:sculk_sensor
-376,-36,-375,minecraft:sculk_sensor
-370,-35,-380,minecraft:sculk_sensor
-389,-32,-349,minecraft:sculk_sensor
-389,-32,-351,minecraft:sculk_sensor
-387,-35,-351,minecraft:sculk_sensor
-398,7,-340,minecraft:sculk_catalyst
-398,-38,-322,minecraft:sculk_catalyst
-394,16,-382,minecraft:sculk_catalyst
-386,16,-370,minecraft:sculk_sensor
-396,8,-374,minecraft:sculk_catalyst
-395,16,-382,minecraft:sculk_sensor
-397,16,-383,minecraft:sculk_sensor
-387,-39,-139,minecraft:sculk_catalyst
-395,-35,-298,minecraft:sculk_sensor
-394,-35,-301,minecraft:sculk_sensor
-407,-25,-205,minecraft:mob_spawner
-411,-48,-177,minecraft:sculk_sensor
-414,-52,-181,minecraft:sculk_sensor
-411,-50,-175,minecraft:sculk_shrieker
-412,-52,-176,minecraft:sculk_sensor
-411,-49,-176,minecraft:sculk_sensor
-403,-15,-259,minecraft:mob_spawner
-408,8,-322,minecraft:sculk_sensor
-415,-40,-325,quark:monster_box
-416,-43,-316,minecraft:sculk_sensor
-415,-41,-317,minecraft:sculk_sensor
-416,-42,-317,minecraft:sculk_sensor
-415,63,-279,minecraft:sculk_catalyst
-412,0,-361,minecraft:sculk_sensor
-414,-2,-361,minecraft:sculk_catalyst
-408,3,-361,minecraft:sculk_sensor
-408,3,-360,minecraft:sculk_sensor
-415,2,-367,minecraft:sculk_sensor
-416,1,-367,minecraft:sculk_catalyst
-409,4,-365,minecraft:sculk_sensor
-412,1,-364,minecraft:sculk_sensor
-411,3,-366,minecraft:sculk_sensor
-414,8,-377,minecraft:sculk_catalyst
-303,-6,-397,minecraft:sculk_sensor
-302,-6,-397,minecraft:sculk_catalyst
-303,-6,-392,minecraft:sculk_sensor
-300,-6,-397,minecraft:sculk_sensor
-302,6,-392,minecraft:sculk_sensor
-304,5,-390,minecraft:sculk_sensor
-185,-5,-398,minecraft:sculk_sensor
-163,-6,-395,minecraft:sculk_sensor
-251,-33,-399,minecraft:sculk_sensor
-392,-24,-392,minecraft:sculk_sensor
-391,-24,-392,minecraft:sculk_shrieker
-391,-25,-393,minecraft:sculk_catalyst
-392,-24,-393,minecraft:sculk_sensor
-395,-21,-389,minecraft:sculk_shrieker
-413,-26,-399,minecraft:sculk_sensor
-401,-20,-388,minecraft:sculk_sensor
-414,-26,-400,minecraft:sculk_sensor
-192,-50,-409,minecraft:sculk_catalyst
-191,-49,-415,minecraft:sculk_sensor
-192,-48,-409,minecraft:sculk_sensor
-190,-52,-416,minecraft:sculk_sensor
-151,-21,-409,minecraft:sculk_sensor
-133,-15,-402,minecraft:sculk_sensor
-129,-43,-414,minecraft:sculk_catalyst
-136,-42,-416,minecraft:sculk_catalyst
-137,-42,-413,minecraft:sculk_sensor
-133,-15,-405,minecraft:sculk_sensor
-136,-42,-412,minecraft:sculk_sensor
-128,-43,-415,minecraft:sculk_shrieker
-355,-28,-416,minecraft:sculk_sensor
-357,-29,-416,minecraft:sculk_sensor
-356,-30,-416,minecraft:sculk_catalyst
-367,-28,-415,minecraft:sculk_sensor
-359,-30,-407,minecraft:sculk_sensor
-367,-28,-410,minecraft:sculk_sensor
-366,-29,-410,minecraft:sculk_sensor
-400,-24,-414,minecraft:sculk_sensor
-395,-24,-414,minecraft:sculk_sensor
-394,-24,-413,minecraft:sculk_shrieker
-394,-24,-412,minecraft:sculk_sensor
-377,-1,-414,minecraft:sculk_sensor
-219,-41,-404,minecraft:sculk_catalyst
-220,-42,-403,minecraft:sculk_sensor
-220,-41,-404,minecraft:sculk_sensor
-223,-22,-408,minecraft:sculk_catalyst
-218,-43,-402,minecraft:sculk_sensor
-219,-43,-403,minecraft:sculk_sensor
-223,-23,-406,minecraft:sculk_sensor
-221,-45,-414,minecraft:sculk_catalyst
-84,-49,-413,minecraft:sculk_sensor
-53,-22,-407,minecraft:furnace
-61,-47,-407,minecraft:sculk_catalyst
-53,-22,-408,minecraft:furnace
-53,-46,-411,minecraft:sculk_catalyst
-57,-47,-406,minecraft:sculk_catalyst
-317,6,-412,minecraft:sculk_sensor
-289,-7,-413,minecraft:sculk_sensor
-290,-7,-414,minecraft:sculk_sensor
-39,-45,-412,minecraft:sculk_catalyst
-261,-36,-405,minecraft:sculk_catalyst
-262,-35,-404,minecraft:sculk_sensor
-261,-37,-404,minecraft:sculk_sensor
-263,-37,-401,minecraft:sculk_sensor
-260,-39,-403,minecraft:sculk_sensor
-252,-37,-416,minecraft:sculk_sensor
-247,-37,-415,minecraft:sculk_sensor
-246,-36,-413,minecraft:sculk_shrieker
-254,-34,-401,minecraft:sculk_sensor
-253,-33,-401,minecraft:sculk_catalyst
-256,-39,-407,minecraft:sculk_sensor
-251,-34,-406,minecraft:sculk_catalyst
-256,-39,-406,minecraft:sculk_sensor
-249,-36,-407,minecraft:sculk_shrieker
