x,y,z,visibility,load_status,entity_count
-10,0,-5,TICKING,LOADED,1
-10,1,-5,TICKING,LOADED,1
-10,2,-5,TICKING,LOADED,1
-10,-2,-5,TICKING,LOADED,1
-9,0,0,TICKING,LOADED,1
-7,2,-9,TICKING,LOADED,1
-7,3,-9,TICKING,LOADED,1
-7,6,-9,TICKING,LOADED,1
-5,0,-2,TICKING,LOADED,2
-5,-1,-2,TICKING,LOADED,1
-5,1,-10,TICKING,LOADED,7
-9,1,-10,TICKING,LOADED,1
-9,2,-10,TICKING,LOADED,1
-9,9,-10,TICKING,LOADED,1
-3,1,-8,TICKING,LOADED,2
-3,-1,-8,TICKING,LOADED,2
-8,0,-6,TICKING,LOADED,1
-8,2,-6,TICKING,LOADED,2
-8,-1,-6,TICKING,LOADED,5
-10,4,-3,TICKING,LOADED,2
-10,5,-3,TICKING,LOADED,2
-9,0,-5,TICKING,LOADED,1
-9,1,-5,TICKING,LOADED,1
-9,3,-5,TICKING,LOADED,1
-9,-2,-5,TICKING,LOADED,3
-9,-1,-5,TICKING,LOADED,2
-4,-2,-8,TICKING,LOADED,1
-4,0,-4,TICKING,LOADED,2
-4,2,-4,TICKING,LOADED,1
-4,3,-4,TICKING,LOADED,5
-4,7,-4,TICKING,LOADED,2
-4,9,-4,TICKING,LOADED,1
-4,-2,-4,TICKING,LOADED,1
-2,1,-5,TICKING,LOADED,1
-2,5,-5,TICKING,LOADED,1
-2,9,-5,TICKING,LOADED,1
-2,-2,-5,TICKING,LOADED,1
-6,0,-11,TICKING,LOADED,1
-6,1,-11,TICKING,LOADED,3
-10,2,-8,TICKING,LOADED,3
-10,-2,-8,TICKING,LOADED,1
-10,-1,-8,TICKING,LOADED,2
-2,9,8,TICKING,LOADED,2
-1,7,-6,TICKING,LOADED,1
-5,0,-7,TICKING,LOADED,2
-5,1,-7,TICKING,LOADED,1
-5,2,-7,TICKING,LOADED,1
-5,8,-7,TICKING,LOADED,1
-5,1,-12,TICKING,LOADED,1
-5,0,-5,TICKING,LOADED,1
-5,1,-5,TICKING,LOADED,1
-5,7,-5,TICKING,LOADED,1
-5,-2,-5,TICKING,LOADED,4
-5,-1,-5,TICKING,LOADED,2
-3,0,-9,TICKING,LOADED,1
-3,2,-9,TICKING,LOADED,3
-3,9,-9,TICKING,LOADED,1
-3,-1,-9,TICKING,LOADED,1
-8,2,-11,TICKING,LOADED,1
-9,0,-8,TICKING,LOADED,1
-9,2,-8,TICKING,LOADED,3
-9,4,-8,TICKING,LOADED,1
-9,-2,-8,TICKING,LOADED,2
-9,-1,-8,TICKING,LOADED,3
-8,2,-7,TICKING,LOADED,8
-8,3,-7,TICKING,LOADED,1
-8,4,-7,TICKING,LOADED,1
-8,5,-7,TICKING,LOADED,1
-8,-2,-7,TICKING,LOADED,2
-4,0,-9,TICKING,LOADED,1
-4,1,-9,TICKING,LOADED,1
-4,-2,-9,TICKING,LOADED,1
-2,9,0,TICKING,LOADED,33
-6,0,-6,TICKING,LOADED,2
-6,1,-6,TICKING,LOADED,1
-6,2,-6,TICKING,LOADED,2
-6,3,-6,TICKING,LOADED,4
-6,5,-6,TICKING,LOADED,1
-6,9,-6,TICKING,LOADED,1
-6,-3,-6,TICKING,LOADED,3
-6,-2,-6,TICKING,LOADED,3
-6,-1,-6,TICKING,LOADED,3
-11,0,-9,TICKING,LOADED,1
-11,1,-9,TICKING,LOADED,2
-11,2,-9,TICKING,LOADED,1
-2,3,-8,TICKING,LOADED,1
-2,9,-8,TICKING,LOADED,1
-7,2,-3,TICKING,LOADED,1
-7,3,-3,TICKING,LOADED,1
-7,7,-3,TICKING,LOADED,1
-7,8,-3,TICKING,LOADED,1
-7,-2,-3,TICKING,LOADED,1
-1,0,-9,TICKING,LOADED,1
-7,1,-8,TICKING,LOADED,1
-7,3,-8,TICKING,LOADED,1
-7,-3,-8,TICKING,LOADED,1
-7,-1,-8,TICKING,LOADED,2
-3,5,-5,TICKING,LOADED,1
-3,9,-5,TICKING,LOADED,1
-3,-2,-5,TICKING,LOADED,1
-3,9,0,TICKING,LOADED,1
-7,5,-4,TICKING,LOADED,3
-7,-1,-4,TICKING,LOADED,4
-9,0,-6,TICKING,LOADED,1
-9,1,-6,TICKING,LOADED,1
-9,2,-6,TICKING,LOADED,1
-9,3,-6,TICKING,LOADED,1
-9,6,-6,TICKING,LOADED,1
-9,9,-6,TICKING,LOADED,1
-9,-3,-6,TICKING,LOADED,2
-9,-2,-6,TICKING,LOADED,2
-9,-1,-6,TICKING,LOADED,3
-8,1,-12,TICKING,LOADED,1
-9,1,-11,TICKING,LOADED,2
-9,2,-11,TICKING,LOADED,1
-4,-1,-2,TICKING,LOADED,1
-4,0,-10,TICKING,LOADED,1
-4,1,-10,TICKING,LOADED,1
-4,5,-10,TICKING,LOADED,1
-11,0,-4,TICKING,LOADED,2
-2,9,-1,TICKING,LOADED,33
-10,1,-9,TICKING,LOADED,1
-6,2,-3,TICKING,LOADED,4
-6,5,-3,TICKING,LOADED,4
-6,9,-3,TICKING,LOADED,1
-1,2,-7,TICKING,LOADED,1
-5,0,-6,TICKING,LOADED,1
-5,1,-6,TICKING,LOADED,1
0,2,-7,TICKING,LOADED,1
-5,0,-1,TICKING,LOADED,1
-9,0,-7,TICKING,LOADED,1
-9,2,-7,TICKING,LOADED,1
-9,-2,-7,TICKING,LOADED,1
-9,-1,-7,TICKING,LOADED,4
-3,-1,-3,TICKING,LOADED,1
-4,9,1,TICKING,LOADED,1
-8,1,-9,TICKING,LOADED,1
-8,-1,-9,TICKING,LOADED,2
-2,1,-6,TICKING,LOADED,5
-2,-2,-6,TICKING,LOADED,1
-9,4,-2,TICKING,LOADED,1
-4,1,-7,TICKING,LOADED,1
-4,2,-7,TICKING,LOADED,1
-4,-1,-7,TICKING,LOADED,2
-8,2,-1,TICKING,LOADED,6
-8,5,-1,TICKING,LOADED,2
-2,9,-2,TICKING,LOADED,1
-11,3,-7,TICKING,LOADED,2
-11,6,-7,TICKING,LOADED,1
-5,2,-3,TICKING,LOADED,1
-5,-2,-3,TICKING,LOADED,3
-5,-1,-3,TICKING,LOADED,2
-4,-2,-25,TRACKED,LOADED,1
-6,1,-8,TICKING,LOADED,1
-6,2,-8,TICKING,LOADED,4
-1,9,2,TICKING,LOADED,1
-6,4,-4,TICKING,LOADED,1
-6,5,-4,TICKING,LOADED,1
-6,9,-4,TICKING,LOADED,1
-6,-1,-4,TICKING,LOADED,1
-7,10,-10,TICKING,LOADED,1
-11,0,-2,TICKING,LOADED,1
-7,5,-2,TICKING,LOADED,1
-7,-2,-2,TICKING,LOADED,1
-8,0,-8,TICKING,LOADED,1
-8,1,-8,TICKING,LOADED,1
-8,2,-8,TICKING,LOADED,1
-8,4,-8,TICKING,LOADED,1
-8,5,-8,TICKING,LOADED,3
-8,-2,-8,TICKING,LOADED,2
-8,-1,-8,TICKING,LOADED,1
-3,0,-6,TICKING,LOADED,1
-3,6,-6,TICKING,LOADED,1
-3,9,-6,TICKING,LOADED,1
-10,0,-7,TICKING,LOADED,3
-10,-2,-7,TICKING,LOADED,4
-10,-1,-7,TICKING,LOADED,2
-3,0,-1,TICKING,LOADED,1
-2,2,-9,TICKING,LOADED,1
-2,3,-9,TICKING,LOADED,1
-4,0,-6,TICKING,LOADED,1
-4,4,-6,TICKING,LOADED,1
-4,7,-6,TICKING,LOADED,1
-4,8,-6,TICKING,LOADED,1
-4,-2,-6,TICKING,LOADED,1
-4,-1,-6,TICKING,LOADED,4
-8,4,-4,TICKING,LOADED,1
-8,5,-4,TICKING,LOADED,2
-8,9,-4,TICKING,LOADED,1
-8,-2,-4,TICKING,LOADED,3
-8,-1,-4,TICKING,LOADED,7
-6,2,-9,TICKING,LOADED,1
-6,6,-9,TICKING,LOADED,2
-11,3,-6,TICKING,LOADED,1
-11,-1,-6,TICKING,LOADED,2
-12,2,-8,TICKING,LOADED,1
-11,1,-10,TICKING,LOADED,1
-11,2,-10,TICKING,LOADED,1
-9,1,-1,TICKING,LOADED,1
-9,2,-1,TICKING,LOADED,1
-7,0,-5,TICKING,LOADED,2
-7,1,-5,TICKING,LOADED,1
-7,3,-5,TICKING,LOADED,1
-7,4,-5,TICKING,LOADED,4
-7,-2,-5,TICKING,LOADED,3
-7,-1,-5,TICKING,LOADED,3
-1,9,-8,TICKING,LOADED,2
-8,4,-3,TICKING,LOADED,1
-8,5,-3,TICKING,LOADED,2
-8,-1,-3,TICKING,LOADED,1
-3,1,-10,TICKING,LOADED,1
-7,0,-7,TICKING,LOADED,1
-7,2,-7,TICKING,LOADED,2
-7,3,-7,TICKING,LOADED,1
-7,-3,-7,TICKING,LOADED,1
-7,-2,-7,TICKING,LOADED,1
-9,0,-9,TICKING,LOADED,1
-9,1,-9,TICKING,LOADED,2
-9,4,-9,TICKING,LOADED,1
-9,-1,-9,TICKING,LOADED,1
-4,-2,-5,TICKING,LOADED,4
-4,-1,-5,TICKING,LOADED,5
-4,1,-1,TICKING,LOADED,1
-2,3,-4,TICKING,LOADED,1
-12,1,-5,TICKING,LOADED,1
-12,2,-5,TICKING,LOADED,1
-6,1,-10,TICKING,LOADED,3
-6,2,-10,TICKING,LOADED,1
-6,-1,-10,TICKING,LOADED,1
-10,4,-11,TICKING,LOADED,1
-6,6,-2,TICKING,LOADED,1
-11,1,-8,TICKING,LOADED,1
-5,-2,-4,TICKING,LOADED,1
-5,-1,-4,TICKING,LOADED,3
-5,0,-9,TICKING,LOADED,2
-5,1,-9,TICKING,LOADED,1
-5,2,-9,TICKING,LOADED,2
-9,4,-4,TICKING,LOADED,1
-9,8,-4,TICKING,LOADED,2
-9,-2,-4,TICKING,LOADED,2
-8,2,0,TICKING,LOADED,1
-8,5,0,TICKING,LOADED,1
-1,1,-5,TICKING,LOADED,3
-1,-1,-5,TICKING,LOADED,1
-5,2,-8,TICKING,LOADED,3
-3,0,-7,TICKING,LOADED,2
-3,1,-7,TICKING,LOADED,1
-3,5,-7,TICKING,LOADED,1
-2,9,1,TICKING,LOADED,33
-10,0,-2,TICKING,LOADED,2
-10,1,-2,TICKING,LOADED,3
-6,2,-7,TICKING,LOADED,4
-6,3,-7,TICKING,LOADED,2
-6,4,-7,TICKING,LOADED,2
-6,6,-7,TICKING,LOADED,1
-6,-3,-7,TICKING,LOADED,1
-6,-2,-7,TICKING,LOADED,1
-6,0,-5,TICKING,LOADED,1
-6,1,-5,TICKING,LOADED,3
-6,3,-5,TICKING,LOADED,2
-6,4,-5,TICKING,LOADED,1
-6,5,-5,TICKING,LOADED,1
-6,-3,-5,TICKING,LOADED,2
-6,-2,-5,TICKING,LOADED,6
-6,-1,-5,TICKING,LOADED,3
-7,0,-6,TICKING,LOADED,1
-7,2,-6,TICKING,LOADED,3
-7,3,-6,TICKING,LOADED,4
-7,4,-6,TICKING,LOADED,2
-7,5,-6,TICKING,LOADED,1
-7,-3,-6,TICKING,LOADED,2
-7,-2,-6,TICKING,LOADED,10
-7,-1,-6,TICKING,LOADED,2
-11,0,-5,TICKING,LOADED,4
-11,1,-5,TICKING,LOADED,1
-11,2,-5,TICKING,LOADED,1
-7,0,-11,TICKING,LOADED,1
-7,1,-11,TICKING,LOADED,1
-7,4,-11,TICKING,LOADED,1
-7,-1,-11,TICKING,LOADED,1
-12,0,-4,TICKING,LOADED,1
-3,3,-4,TICKING,LOADED,1
-3,5,-4,TICKING,LOADED,1
-8,0,-5,TICKING,LOADED,1
-8,1,-5,TICKING,LOADED,1
-8,2,-5,TICKING,LOADED,6
-8,3,-5,TICKING,LOADED,1
-8,6,-5,TICKING,LOADED,1
-8,-3,-5,TICKING,LOADED,1
-8,-2,-5,TICKING,LOADED,5
-8,-1,-5,TICKING,LOADED,6
-10,1,-10,TICKING,LOADED,1
-4,1,-3,TICKING,LOADED,2
-4,3,-3,TICKING,LOADED,3
-4,4,-3,TICKING,LOADED,1
-4,9,-3,TICKING,LOADED,1
-9,4,-3,TICKING,LOADED,2
-2,9,2,TICKING,LOADED,33
-10,0,-6,TICKING,LOADED,1
-19,12,-20,TICKING,LOADED,1
