x,y,z,uuid,type,alive,display_name,custom_name
-9.45653175937583,155.0,46.215118654770635,46e2b50c-4f95-4ad6-a62b-cbb64699ce69,minecraft:cow,true,Cow,[null]
-19.5,156.5,47.5,13f50e33-e250-4458-9209-22d5e37107d1,connectiblechains:chain_knot,true,Chain Knot,[null]
-19.5,153.5,42.5,8a6d3e65-506e-4217-bac9-509692ee4baf,connectiblechains:chain_knot,true,Chain Knot,[null]
-19.5,153.5,37.5,59be62a4-c239-409e-9bd0-5204511c4660,connectiblechains:chain_knot,true,Chain Knot,[null]
-19.5,153.5,33.5,a39cc91f-54e4-417a-99d0-5cda5fd0dc36,connectiblechains:chain_knot,true,Chain Knot,[null]
-19.5,153.5,29.5,884701fb-0f6a-48de-81be-72d36df63ec6,connectiblechains:chain_knot,true,Chain Knot,[null]
-19.5,152.5,25.5,ffbdaece-c799-4795-91f6-97054ef9a219,connectiblechains:chain_knot,true,Chain Knot,[null]
-19.5,152.5,21.5,d4a0176a-e19e-4e2b-8a3f-86505db4c894,connectiblechains:chain_knot,true,Chain Knot,[null]
-19.5,152.5,16.5,366a59f9-8d2d-4d18-8b12-9d25666bfd0e,connectiblechains:chain_knot,true,Chain Knot,[null]
-19.5,151.5,16.5,76d73dca-a53f-4135-ba85-99ee3d2e5f66,connectiblechains:chain_knot,true,Chain Knot,[null]
-19.5,151.5,11.5,a4ff623c-a528-4358-b47b-3c2662f51efd,connectiblechains:chain_knot,true,Chain Knot,[null]
-19.5,151.5,6.5,1c00b3d6-e580-47de-8960-cda4dcbe57de,connectiblechains:chain_knot,true,Chain Knot,[null]
-19.5,152.5,6.5,85dc1029-edb9-4edc-905e-38177a7835b9,connectiblechains:chain_knot,true,Chain Knot,[null]
-19.5,152.5,1.5,e44ad10b-e670-4d2a-a8c8-7a0de0b62aaf,connectiblechains:chain_knot,true,Chain Knot,[null]
-19.5,152.5,-13.5,e70f2005-e35e-4119-a769-ae7ac6388f93,connectiblechains:chain_knot,true,Chain Knot,[null]
-19.5,152.5,-3.5,15bcf31f-670d-4ff2-99f7-3e1056a04a65,connectiblechains:chain_knot,true,Chain Knot,[null]
-19.5,152.5,-9.5,1c0c4fe4-c8d9-42e4-8d91-13edcaad5776,connectiblechains:chain_knot,true,Chain Knot,[null]
-19.5,154.5,-16.5,4c1b8e77-0960-45f6-87f8-cb6a4ba6e870,connectiblechains:chain_knot,true,Chain Knot,[null]
-60.20621707741748,150.0,18.865399304185733,c7b58a9f-c8f6-4b34-9bf1-6ed9d03f8411,minecraft:cow,true,Cow,[null]
-47.8441582575332,151.0,8.844133327710768,425469a4-67dd-4d52-8af5-af4f352d08af,minecraft:cow,true,Cow,[null]
-11.901604702615671,19.0,-73.01162843747949,1fe97eac-8276-48d5-bc6d-ca0dc940b06e,minecraft:item,true,Arrow,[null]
-11.230572326004253,19.0,-74.45339601886624,51047de1-617b-492a-bf3d-7b749397e8df,minecraft:item,true,Bone,[null]
-26.5,156.5,135.5,6dc50599-7092-4751-97ff-0db63deace30,iceandfire:chain_tie,true,Chain,[null]
-26.5,157.5,135.5,d5136b95-1ac8-4003-9eb5-94138e993d35,iceandfire:chain_tie,true,Chain,[null]
-6.649423574878662,152.0,-117.12278684129167,c767274d-b6c2-429c-a790-ece6f92f4a36,minecraft:cow,true,Cow,[null]
-71.99517386318897,15.0,-135.7197267605453,4a9d8343-d7db-410b-9efd-c6ddac4490b8,minecraft:item,true,Arrow,[null]
-72.7621526075552,15.0,-135.125,18b98c0f-089b-499e-a48d-45ce825e3787,minecraft:item,true,Bone,[null]
-101.875,32.0,-128.33412311573994,7a660f3c-c184-4cce-848c-203f15e8c5ce,minecraft:item,true,Bone,[null]
-19.5,156.08584630294595,46.94314203314506,cbd9d292-54b8-41f5-8147-facba0a8528a,connectiblechains:chain_collision,true,Chain Collision,[null]
-19.5,153.64462537630436,43.05685796685494,7f3cb69c-fc75-40d5-aebb-17fb404f856c,connectiblechains:chain_collision,true,Chain Collision,[null]
-19.5,155.67823555170168,46.511090164930074,77fef681-f9f7-4015-ad47-d17949a9c914,connectiblechains:chain_collision,true,Chain Collision,[null]
-19.5,153.78792189096336,43.488909835069926,e681af18-494b-43d4-a17f-73d37ccddacb,connectiblechains:chain_collision,true,Chain Collision,[null]
-19.5,155.30710339027613,46.0790382967151,3f85f639-3ed8-42ec-94f3-272229ce2b4d,connectiblechains:chain_collision,true,Chain Collision,[null]
-19.5,153.96160160890534,43.9209617032849,5ee71364-7cb0-40d6-a533-b3cc33136d46,connectiblechains:chain_collision,true,Chain Collision,[null]
-19.5,154.97125308924458,45.64698642850012,3461357b-7657-4936-a52e-a8a5851fb6e8,connectiblechains:chain_collision,true,Chain Collision,[null]
-19.5,154.1662245668248,44.35301357149988,e6e72427-d087-4b49-8cb1-e358f92f642d,connectiblechains:chain_collision,true,Chain Collision,[null]
-19.5,154.66960168685026,45.21493456028514,a80a6e35-b714-43b1-bfd9-137a3bf3509c,connectiblechains:chain_collision,true,Chain Collision,[null]
-19.5,154.40245057904178,44.78506543971486,0a6cb302-f732-490d-b4c2-e1613b8c5507,connectiblechains:chain_collision,true,Chain Collision,[null]
-19.5,154.53197045096076,45.0,58f50d15-f1db-4e66-b47b-bc0e1c81ef6a,connectiblechains:chain_collision,true,Chain Collision,[null]
-19.5,153.4112599521228,41.87133918707465,b486b06b-f6eb-4e2f-98c2-616da42d4110,connectiblechains:chain_collision,true,Chain Collision,[null]
-19.5,153.4112599521228,38.12866081292535,012da391-8e21-4bc3-aac6-78fc05b610d8,connectiblechains:chain_collision,true,Chain Collision,[null]
-19.5,153.3200971214889,41.367484472789265,31ceaca6-4704-48c4-9a92-cb1151175686,connectiblechains:chain_collision,true,Chain Collision,[null]
-19.5,153.3200971214889,38.632515527210735,3ac0dc16-0a94-4ce8-bd61-3ff4f8b7df58,connectiblechains:chain_collision,true,Chain Collision,[null]
-19.5,153.2574757116267,40.86362975850388,9a9054db-3dc5-46df-a452-e3a50f46546c,connectiblechains:chain_collision,true,Chain Collision,[null]
-19.5,153.2574757116267,39.13637024149612,2407970a-5756-454d-9e8b-03087854eed8,connectiblechains:chain_collision,true,Chain Collision,[null]
-19.5,153.22319940373103,40.3597750442185,ec734876-7992-41e2-ac30-a69d639998ac,connectiblechains:chain_collision,true,Chain Collision,[null]
-19.5,153.22319940373103,39.6402249557815,41e5a59a-8606-47c1-8b14-012e5dae4c23,connectiblechains:chain_collision,true,Chain Collision,[null]
-19.5,153.21600744149717,40.0,96176128-12e8-4e18-b7bf-518478446942,connectiblechains:chain_collision,true,Chain Collision,[null]
-19.5,153.44088100107163,36.87797103845003,39225e99-5e06-4ccd-9cc2-6982bec2f9c6,connectiblechains:chain_collision,true,Chain Collision,[null]
-19.5,153.44088100107163,34.12202896154997,95df639a-5bcc-4d2f-b9a2-99bbb4661b82,connectiblechains:chain_collision,true,Chain Collision,[null]
-19.5,153.3783137224354,36.38073047296052,6f823571-04ce-4d8a-adb6-3f989c88480e,connectiblechains:chain_collision,true,Chain Collision,[null]
-19.5,153.3783137224354,34.61926952703948,e7e4b1ff-d1ab-40a2-8768-dbb27a960d31,connectiblechains:chain_collision,true,Chain Collision,[null]
-19.5,153.34335713222475,35.88348990747102,88a4df63-e532-4c55-96d9-e7292fb7eb71,connectiblechains:chain_collision,true,Chain Collision,[null]
-19.5,153.34335713222475,35.11651009252898,3f316293-9091-4fa3-8915-855dd36996ed,connectiblechains:chain_collision,true,Chain Collision,[null]
-19.5,153.33518564547603,35.5,b3417d67-a245-4617-94fa-eb4e1f1a8d6f,connectiblechains:chain_collision,true,Chain Collision,[null]
-19.5,153.44088100107163,32.87797103845003,ae466022-b77d-40ce-97dc-8aac01bc6bfe,connectiblechains:chain_collision,true,Chain Collision,[null]
-19.5,153.44088100107163,30.122028961549972,43fc0fbc-27af-490f-b464-e5fb08a547cd,connectiblechains:chain_collision,true,Chain Collision,[null]
-19.5,153.3783137224354,32.38073047296052,953d4d74-2461-47fc-a198-0d2feaa8027d,connectiblechains:chain_collision,true,Chain Collision,[null]
-19.5,153.3783137224354,30.619269527039478,857584e3-a108-43a5-aba0-677fb8ecb349,connectiblechains:chain_collision,true,Chain Collision,[null]
-19.5,153.34335713222475,31.88348990747102,64552c14-66fe-409c-9282-fc347c274816,connectiblechains:chain_collision,true,Chain Collision,[null]
-19.5,153.34335713222475,31.11651009252898,5a196612-87eb-43fd-92a6-d0b516066e83,connectiblechains:chain_collision,true,Chain Collision,[null]
-19.5,153.33518564547603,31.5,dd0c2c36-9abc-42ed-9efe-17669eec8b71,connectiblechains:chain_collision,true,Chain Collision,[null]
-19.5,153.3039320246047,28.892817386903364,7de03410-401c-43e1-b382-48e8fbe6040d,connectiblechains:chain_collision,true,Chain Collision,[null]
-19.5,152.56374988492138,26.107182613096636,4cf9409e-41d5-4c5c-9af4-6d00e55317eb,connectiblechains:chain_collision,true,Chain Collision,[null]
-19.5,153.10671294742147,28.410423169867197,f8f407e8-d350-4c04-add7-5dfa625061e1,connectiblechains:chain_collision,true,Chain Collision,[null]
-19.5,152.62407044024724,26.589576830132803,a5751595-c860-4067-bc02-e2dab6d76fee,connectiblechains:chain_collision,true,Chain Collision,[null]
-19.5,152.93898574220398,27.928028952831028,fbe8b43d-e456-40f9-903e-1e8ef25b141b,connectiblechains:chain_collision,true,Chain Collision,[null]
-19.5,152.71239732834255,27.071971047168972,88b479c2-7584-45a3-8989-695bb91d1cbf,connectiblechains:chain_collision,true,Chain Collision,[null]
-19.5,152.81443675521962,27.5,046b2fa7-fb66-4fc8-8dd4-8dace25c7427,connectiblechains:chain_collision,true,Chain Collision,[null]
-19.5,152.44088100107163,24.877971038450028,c0343b3f-a6f5-4300-8692-4fc9d56a38f5,connectiblechains:chain_collision,true,Chain Collision,[null]
-19.5,152.44088100107163,22.122028961549972,d7e8cd47-5d5e-4c07-886e-48e644e8b402,connectiblechains:chain_collision,true,Chain Collision,[null]
-19.5,152.3783137224354,24.380730472960522,c256026a-6bd1-4f34-b99b-c1b349995b4a,connectiblechains:chain_collision,true,Chain Collision,[null]
-19.5,152.3783137224354,22.619269527039478,eb7bcbeb-10f1-4cdc-ac44-b57d56f2f22f,connectiblechains:chain_collision,true,Chain Collision,[null]
-19.5,152.34335713222475,23.88348990747102,87c88285-c510-4a93-a7a4-44f531bc0999,connectiblechains:chain_collision,true,Chain Collision,[null]
-19.5,152.34335713222475,23.11651009252898,18068d06-e0e0-40dc-bd91-4fc36faa431e,connectiblechains:chain_collision,true,Chain Collision,[null]
-19.5,152.33518564547603,23.5,eb7f2121-793b-4b49-861e-4b0ba7da5527,connectiblechains:chain_collision,true,Chain Collision,[null]
-19.5,152.4112599521228,17.12866081292535,950f43eb-0c85-486b-97bc-b9c1ab453834,connectiblechains:chain_collision,true,Chain Collision,[null]
-19.5,152.4112599521228,20.87133918707465,78a3e6d5-16e3-49de-b77d-050f44ae0ba0,connectiblechains:chain_collision,true,Chain Collision,[null]
-19.5,152.3200971214889,17.63251552721073,c749b34b-4f9d-44e6-b836-1028c2342da5,connectiblechains:chain_collision,true,Chain Collision,[null]
-19.5,152.3200971214889,20.36748447278927,7e285fb1-ecbc-40df-a966-1c2ede8e44c0,connectiblechains:chain_collision,true,Chain Collision,[null]
-19.5,152.2574757116267,18.136370241496117,c713288c-c07c-4976-97c7-81b8990560b3,connectiblechains:chain_collision,true,Chain Collision,[null]
-19.5,152.2574757116267,19.863629758503883,18b86433-6395-4e44-a787-1e874f7cb2b6,connectiblechains:chain_collision,true,Chain Collision,[null]
-19.5,152.22319940373103,18.6402249557815,f07bf17e-dea3-4ee6-8e10-24feceff1dc3,connectiblechains:chain_collision,true,Chain Collision,[null]
-19.5,152.22319940373103,19.3597750442185,b8a11058-c365-40f2-a956-9606f493cb19,connectiblechains:chain_collision,true,Chain Collision,[null]
-19.5,152.21600744149717,19.0,95867f87-6d6e-48f8-838a-d0ee20bd968d,connectiblechains:chain_collision,true,Chain Collision,[null]
-19.5,151.4112599521228,12.128660812925348,ee7007a3-270e-4f0f-98d3-e1657a53e2cb,connectiblechains:chain_collision,true,Chain Collision,[null]
-19.5,151.4112599521228,15.871339187074652,a605cdab-0b3d-44bc-9d76-61ce2886475c,connectiblechains:chain_collision,true,Chain Collision,[null]
-19.5,151.3200971214889,12.632515527210732,3b2e0e2f-586b-4a54-900a-b528bb989665,connectiblechains:chain_collision,true,Chain Collision,[null]
-19.5,151.3200971214889,15.367484472789268,78461c27-8a2f-4488-afb6-ff1692d51cf1,connectiblechains:chain_collision,true,Chain Collision,[null]
-19.5,151.2574757116267,13.136370241496117,c400340f-3c84-4c78-b95a-487d15652f51,connectiblechains:chain_collision,true,Chain Collision,[null]
-19.5,151.2574757116267,14.863629758503883,1028760b-6283-4881-955a-a6b031caf4d8,connectiblechains:chain_collision,true,Chain Collision,[null]
-19.5,151.22319940373103,13.6402249557815,ae310700-d98c-4a9a-b62a-9d0128381991,connectiblechains:chain_collision,true,Chain Collision,[null]
-19.5,151.22319940373103,14.3597750442185,75f65885-e5c4-4237-b65e-6521b0d39d1f,connectiblechains:chain_collision,true,Chain Collision,[null]
-19.5,151.21600744149717,14.0,93c1e4af-45e1-4daf-96e7-8fdb5f7abe23,connectiblechains:chain_collision,true,Chain Collision,[null]
-19.5,151.4112599521228,10.871339187074652,2b895cb0-be52-4048-9278-5b1ad81a66b5,connectiblechains:chain_collision,true,Chain Collision,[null]
-19.5,151.4112599521228,7.128660812925348,a63057a1-ba37-4675-96cf-42a2da6850e3,connectiblechains:chain_collision,true,Chain Collision,[null]
-19.5,151.3200971214889,10.367484472789268,7bd9ead3-d8c0-4a79-ba5f-1622121f6534,connectiblechains:chain_collision,true,Chain Collision,[null]
-19.5,151.3200971214889,7.632515527210733,ba81344c-13d6-4c18-9156-1a7f93ef326c,connectiblechains:chain_collision,true,Chain Collision,[null]
-19.5,151.2574757116267,9.863629758503883,680e8c46-a2c7-483f-ba68-dac6ad0e01a0,connectiblechains:chain_collision,true,Chain Collision,[null]
-19.5,151.2574757116267,8.136370241496117,78a069c7-e37a-4987-b612-8d0312afeb0d,connectiblechains:chain_collision,true,Chain Collision,[null]
-19.5,151.22319940373103,9.3597750442185,fcc664de-c2ad-437f-8088-490e5618e018,connectiblechains:chain_collision,true,Chain Collision,[null]
-19.5,151.22319940373103,8.6402249557815,2604e6ae-bc42-4e66-874a-ff9aa44bfe43,connectiblechains:chain_collision,true,Chain Collision,[null]
-19.5,151.21600744149717,9.0,085e18f2-e88f-419a-8d06-d9ce2787f59a,connectiblechains:chain_collision,true,Chain Collision,[null]
-19.5,152.4112599521228,5.871339187074652,5f2de4b6-7ee2-499b-9aee-21cf57f8dc20,connectiblechains:chain_collision,true,Chain Collision,[null]
-19.5,152.4112599521228,2.128660812925349,92550388-f508-4f23-9635-fe0f78e2e2bb,connectiblechains:chain_collision,true,Chain Collision,[null]
-19.5,152.3200971214889,5.367484472789267,aaaf5f74-6c88-4f7f-baf7-402319e182f2,connectiblechains:chain_collision,true,Chain Collision,[null]
-19.5,152.3200971214889,2.6325155272107326,95457b28-ba76-44e0-8ac1-40ed63f074f6,connectiblechains:chain_collision,true,Chain Collision,[null]
-19.5,152.2574757116267,4.863629758503883,b22a2c6c-b154-4156-88f0-7934e9163f99,connectiblechains:chain_collision,true,Chain Collision,[null]
-19.5,152.2574757116267,3.1363702414961163,c9c5c140-0bae-4c8d-9e41-1f75a8c14e11,connectiblechains:chain_collision,true,Chain Collision,[null]
-19.5,152.22319940373103,4.3597750442185,80e5f3d1-3415-40f5-bd42-d741aad3dffa,connectiblechains:chain_collision,true,Chain Collision,[null]
-19.5,152.22319940373103,3.6402249557815,5491f5d5-b4db-40a0-ae90-8a5a06c66048,connectiblechains:chain_collision,true,Chain Collision,[null]
-19.5,152.21600744149717,4.0,d29cb9a6-67fe-4c58-8a4e-e7d20dfc38be,connectiblechains:chain_collision,true,Chain Collision,[null]
-19.5,152.4112599521228,0.8713391870746512,c6c07e15-6722-45db-a612-097d16c0e58f,connectiblechains:chain_collision,true,Chain Collision,[null]
-19.5,152.4112599521228,-2.871339187074651,c9df7f8b-6e43-4249-8721-cb4600d7c2cf,connectiblechains:chain_collision,true,Chain Collision,[null]
-19.5,152.3200971214889,0.36748447278926744,a37b1fb5-16db-4e33-b384-e69b80339eed,connectiblechains:chain_collision,true,Chain Collision,[null]
-19.5,152.3200971214889,-2.3674844727892674,d2f5242e-9b4d-4e3c-b9a7-55fbd8f0f332,connectiblechains:chain_collision,true,Chain Collision,[null]
-19.5,152.2574757116267,-0.13637024149611632,8ac2116b-d2ec-4266-bc10-302958522376,connectiblechains:chain_collision,true,Chain Collision,[null]
-19.5,152.2574757116267,-1.8636297585038837,7232699e-7f03-4657-ae6d-145616404691,connectiblechains:chain_collision,true,Chain Collision,[null]
-19.5,152.22319940373103,-0.6402249557815001,b0249264-f82b-4fd1-aa7c-00fa9847b541,connectiblechains:chain_collision,true,Chain Collision,[null]
-19.5,152.22319940373103,-1.3597750442185,8cd4f383-f8c2-4599-80d5-41a614711438,connectiblechains:chain_collision,true,Chain Collision,[null]
-19.5,152.21600744149717,-1.0,f08efd10-1e6c-40bd-a2dc-881e91e5be7c,connectiblechains:chain_collision,true,Chain Collision,[null]
-19.5,152.38111207065944,-4.133115653016905,087faba1-8ca2-44b3-81e5-d8a348e7e78d,connectiblechains:chain_collision,true,Chain Collision,[null]
-19.5,152.38111207065944,-8.866884346983095,06923c3f-7eb9-4201-8049-0d0ad725e8e9,connectiblechains:chain_collision,true,Chain Collision,[null]
-19.5,152.2606832821468,-4.641373850541789,2dc0f6b0-9629-4cb4-a0fe-f79b86b17078,connectiblechains:chain_collision,true,Chain Collision,[null]
-19.5,152.2606832821468,-8.35862614945821,faf29256-a10b-4d1f-a6aa-8647bb5cea34,connectiblechains:chain_collision,true,Chain Collision,[null]
-19.5,152.16957945910733,-5.149632048066673,1cd47019-124e-4798-a1a1-5da4b407d99d,connectiblechains:chain_collision,true,Chain Collision,[null]
-19.5,152.16957945910733,-7.850367951933327,dc218ff0-6ee8-4d64-8335-a1eaec5e19eb,connectiblechains:chain_collision,true,Chain Collision,[null]
-19.5,152.10750997465712,-5.657890245591558,c974d972-467b-4f45-8279-0e6200359634,connectiblechains:chain_collision,true,Chain Collision,[null]
-19.5,152.10750997465712,-7.342109754408442,33d78173-f712-4acc-bdc5-40b9823fe2d7,connectiblechains:chain_collision,true,Chain Collision,[null]
-19.5,152.07427682326528,-6.166148443116442,d38e97f4-209d-469b-b4fd-fa7e9d479d17,connectiblechains:chain_collision,true,Chain Collision,[null]
-19.5,152.07427682326528,-6.833851556883558,c15d0b66-1f0f-4b37-abba-75065ca63c0a,connectiblechains:chain_collision,true,Chain Collision,[null]
-19.5,152.06808406531496,-6.5,6d69baf8-39ca-494b-83e7-36a7f3d0ae51,connectiblechains:chain_collision,true,Chain Collision,[null]
-19.5,152.44088100107163,-10.122028961549972,4f40a2c1-91cb-4eb5-8428-6475862b736e,connectiblechains:chain_collision,true,Chain Collision,[null]
-19.5,152.44088100107163,-12.877971038450028,23ca37c8-de67-4fe6-bd2d-bdc6f06c857d,connectiblechains:chain_collision,true,Chain Collision,[null]
-19.5,152.3783137224354,-10.619269527039476,ced8c993-049b-4c22-b476-4290af0abaa7,connectiblechains:chain_collision,true,Chain Collision,[null]
-19.5,152.3783137224354,-12.380730472960524,f26a8506-23fe-48f2-aa83-70a669edd8e9,connectiblechains:chain_collision,true,Chain Collision,[null]
-19.5,152.34335713222475,-11.116510092528982,6b7b65f9-0970-4be7-bc55-84018e2452a0,connectiblechains:chain_collision,true,Chain Collision,[null]
-19.5,152.34335713222475,-11.883489907471018,f714d15e-0a7f-450b-b1a6-91963be6cf3c,connectiblechains:chain_collision,true,Chain Collision,[null]
-19.5,152.33518564547603,-11.5,09fb417b-853c-4186-a88b-5fef701fe7e3,connectiblechains:chain_collision,true,Chain Collision,[null]
-19.5,154.14119858576012,-15.970611079206877,de45ab02-8616-415f-86f4-75d837d9939c,connectiblechains:chain_collision,true,Chain Collision,[null]
-19.5,152.73374711492406,-14.029388920793123,e21f2a49-b4d3-4c73-b927-de99dd1c0411,connectiblechains:chain_collision,true,Chain Collision,[null]
-19.5,153.78581694539332,-15.566079613905773,4f9e0291-cb00-42eb-992c-8abf9a7714c1,connectiblechains:chain_collision,true,Chain Collision,[null]
-19.5,152.96656569853843,-14.433920386094227,94c9d73b-863f-42a2-8248-5c539b875898,connectiblechains:chain_collision,true,Chain Collision,[null]
-19.5,153.34464834949992,-15.0,d8b92199-7067-4c7f-a128-a8070247e40d,connectiblechains:chain_collision,true,Chain Collision,[null]
-6.5,152.375,-120.5,7fd9a92e-7ba7-4019-b023-538b2bd3d5ac,minecraft:leash_knot,true,Leash Knot,[null]
-95.94556720337641,48.97195626916697,-98.7831858798237,c6d0974b-7856-499d-b277-0ef93f852fbb,minecraft:player,true,_kaisadilla,[null]
-288.27448044586407,206.0,-308.8920818943496,76cab6ef-9f81-4f52-ae39-d731cfff899e,minecraft:item,true,Spruce Sapling,[null]
-157.49460334539995,7.0,-19.587741411024343,2a86b7b2-d88e-4c8b-be82-6498f6e99435,minecraft:item,true,Arrow,[null]
-102.52500000596046,59.0,-83.97531875245114,9a9e41f5-a90f-43ad-aeab-02572a9814d3,minecraft:spider,true,Spider,[null]
-87.47499999403954,-32.0,-64.47499999403954,ad2f0c2a-1c9d-4df5-831d-e74806bcb11e,enemyexpansion:tarantula,true,Tarantula,[null]
-87.47499999403954,-32.17499998807907,-64.47499999403954,8074c3e0-b74b-4402-ace0-9afba9879a5d,minecraft:skeleton,true,Skeleton,[null]
-98.47499999403954,-19.0,-85.47499999403954,1abcf8f3-59b3-4f1c-b0fa-4ea3c70cbcc7,minecraft:skeleton,true,Skeleton,[null]
-121.81850285447355,80.76930786629292,-115.52500000596046,fb6cb05a-ef37-4470-8d7f-64e7cdfb3aac,minecraft:spider,true,Spider,[null]
-114.9345348761417,-18.0,-75.0876072080243,7523e694-ead8-4080-b4b9-662c26a87f33,enemyexpansion:tarantula,true,Tarantula,[null]
-63.875008686498646,19.149999976158142,-104.52500000596046,5ca83380-d716-40a6-a228-2b0ae4df8494,minecraft:spider,true,Spider,[null]
-96.47499999403954,14.149999976158142,-75.52500000596046,72175dad-1bae-4a3e-b5ae-61e89d92d126,minecraft:spider,true,Spider,[null]
-59.0,37.0,-108.0,0ba30772-0ad6-45f7-ad0c-8a10effcb668,minecraft:spider,true,Spider,[null]
-81.47499999403954,20.149999976158142,-89.6910545625511,76c135cd-597c-4ce5-b6e8-11b9ca5d8eeb,minecraft:spider,true,Spider,[null]
-83.72785926683537,49.0,-95.15972273561769,02de5723-9122-4d14-a46d-ed00d1dcf93f,minecraft:spider,true,Spider,[null]
-52.9359749391385,3.149999976158142,-139.47499999403954,363eda0a-463e-4e2a-9906-eb1be86cf24a,minecraft:spider,true,Spider,[null]
-97.47499999403954,11.091367516619004,-84.24500866448504,5de2085e-6d81-4f3c-bfd5-59c4f6ca0a32,minecraft:spider,true,Spider,[null]
-63.525000005960464,-5.850000023841858,-78.39464352207094,f6db1593-f8d7-4d30-a167-cacb305c3fa4,enemyexpansion:tarantula,true,Tarantula,[null]
-102.5643534271775,57.0,-69.43838025268664,d67e88b7-a28b-4f8b-8968-d101f05dca7b,minecraft:spider,true,Spider,[null]
-146.33090861847634,-24.850000023841858,-74.52500000596046,97c544dc-57ab-4020-a089-ab1617913fcb,enemyexpansion:tarantula,true,Tarantula,[null]
-69.6526408073467,-26.0,-67.47499999403954,90755622-9d32-41f4-9261-d52dbd1152d5,enemyexpansion:tarantula,true,Tarantula,[null]
-59.74525623768652,-26.850000023841858,-89.52500000596046,c13cf6f3-0c6f-4ec0-90f1-4df04865932d,enemyexpansion:tarantula,true,Tarantula,[null]
-80.52500000596046,-35.0,-92.64821057130204,c384138c-f609-4db9-91ed-b82aa30cca27,enemyexpansion:tarantula,true,Tarantula,[null]
-12.034818597278742,19.149999976158142,-74.52500000596046,40051cf4-a277-41d8-9547-aa99652a9c72,minecraft:spider,true,Spider,[null]
-60.170121032871684,-14.0,-80.47499999403954,cb91be28-3568-455c-ab30-37f967a78ae8,enemyexpansion:tarantula,true,Tarantula,[null]
-116.47499999403954,35.29308521883411,-7.67771588787173,31d1cece-c17e-496d-9125-1eb1cb70ef4a,minecraft:spider,true,Spider,[null]
-98.30140025462087,77.87645545107453,-67.47499999403954,d3625eb3-8a77-4da8-a6a6-32d9fc981271,minecraft:spider,true,Spider,[null]
-81.47499999403954,-4.564400985755941,-90.1477736102102,2bc9d002-0672-426b-b8be-664a3cf7fc88,enemyexpansion:tarantula,true,Tarantula,[null]
-107.17297638766131,61.76977253492889,-112.47499999403954,579c6ffe-9beb-4ef2-a021-a1ccfbc0289e,minecraft:spider,true,Spider,[null]
-123.52500000596046,92.43163071776205,-51.27910748528361,e3c561c2-9752-43e8-abe6-46849ad95fff,minecraft:spider,true,Spider,[null]
-68.27457565213655,-2.850000023841858,-31.54643052396923,f0c5881b-a4ad-4461-8332-51ce5442e9f7,enemyexpansion:tarantula,true,Tarantula,[null]
-64.02264149107761,18.149999976158142,-102.47499999403954,86b526b8-e853-45ee-a303-934b4240cb74,minecraft:spider,true,Spider,[null]
-130.0,5.0,-129.0,26364f1b-fcd4-4023-ac8f-1d6dcb16966f,minecraft:spider,true,Spider,[null]
-151.0,46.0,-126.0,471de902-1ab4-4961-8b30-381892b66490,minecraft:spider,true,Spider,[null]
-135.0,18.0,-135.0,a12f9145-bf13-4deb-84c5-5f4557058b82,minecraft:spider,true,Spider,[null]
-150.64828377460924,23.0,-152.52500000596046,e508fe79-151d-4360-b7b0-b79b1694f587,minecraft:spider,true,Spider,[null]
-128.47499999403954,-15.850000023841858,-125.47499999403954,4e66cd04-adb8-492b-8fa0-ce566a4afcdd,enemyexpansion:tarantula,true,Tarantula,[null]
-140.0,35.0,-118.0,a31645e9-7880-45b1-8055-58b4f476780b,minecraft:spider,true,Spider,[null]
-134.0,-30.0,-57.0,8584a101-d5f7-4079-9c36-8a8accca2257,enemyexpansion:tarantula,true,Tarantula,[null]
-147.52500000596046,-23.850000023841858,-108.23734430425353,e9b65708-dd2b-42c7-98f1-0ebe1dab40da,enemyexpansion:tarantula,true,Tarantula,[null]
-121.6861554988201,74.55121432980626,-63.525000005960464,668a5e73-a3f3-4f45-b446-a11188575b9d,minecraft:spider,true,Spider,[null]
-124.52500000596046,32.0,-8.525000005960464,cc05226b-a141-46a0-b4ad-152f98766761,minecraft:spider,true,Spider,[null]
-133.27274357361316,-24.0,-72.146153370281,678f95f1-0d7b-46c1-b271-80e069fef080,enemyexpansion:tarantula,true,Tarantula,[null]
-130.178439407582,-35.0,-88.17919641840058,2987e2bf-0da5-4f33-8346-4f643c7eca8a,enemyexpansion:tarantula,true,Tarantula,[null]
-37.474999994039536,18.0,-112.42818355597123,453ddf99-638f-456e-aa99-631b4148f002,minecraft:spider,true,Spider,[null]
-119.9025354298114,50.35147813379156,-67.47499999403954,a8ee43db-1ae3-4a7a-a620-87024bd423d7,minecraft:spider,true,Spider,[null]
-81.47499999403954,56.39991997619434,-83.52500000596046,49d6cd35-3dd5-4544-b398-29ab15044955,minecraft:spider,true,Spider,[null]
-22.0,56.0,-127.0,0975f303-5638-4e7a-8394-2e2aeabacb14,minecraft:spider,true,Spider,[null]
-112.0,-14.0,-122.0,fdc9b6cb-155d-491c-a0d3-83e057183197,enemyexpansion:tarantula,true,Tarantula,[null]
-100.18106979997273,-18.0,-81.52500000596046,3347c4a3-6ae0-48e9-93cd-b6bf49b693d9,enemyexpansion:tarantula,true,Tarantula,[null]
-57.206939411293774,14.0,-55.875,9fa57b98-adb5-4d8c-83c7-2fb314a469a8,minecraft:item,true,Arrow,[null]
-57.91390487312016,14.0,-54.24646614372489,6946859e-4a40-45f3-b5d8-6deafe372a09,minecraft:item,true,Bone,[null]
-72.52500000596046,19.0,-180.55034837349928,7358070c-226c-4bfa-b247-7785c3764748,minecraft:spider,true,Spider,[null]
-161.0,25.0,-72.0,7e494d1d-a69d-4ef8-96b8-1d1b30b0b094,minecraft:spider,true,Spider,[null]
-93.5924328812627,17.0,-71.47499999403954,58d4298e-1473-409b-a24d-af161c6659e0,minecraft:spider,true,Spider,[null]
-120.7577017844882,-23.0,-120.19239084758388,988cdd06-ad13-491c-bed7-2deaa0269dae,minecraft:skeleton,true,Skeleton,[null]
-112.1417521947689,-3.850000023841858,-57.474999994039536,a8994110-d396-4f4c-9eb3-e2cdfd0baa4e,enemyexpansion:tarantula,true,Tarantula,[null]
-104.93274642866365,-25.94799139775512,-74.52500000596046,6f943c38-3652-4f65-8124-c7efc12819e2,enemyexpansion:tarantula,true,Tarantula,[null]
-91.29076409495549,-31.0,-93.43371686163756,6b2e04f8-c002-4bcb-9871-35da0b419a90,enemyexpansion:tarantula,true,Tarantula,[null]
-117.41284316864903,44.70466911017243,-79.47499999403954,55ac47f2-1fc1-482a-ab0a-bf69688bfe84,minecraft:spider,true,Spider,[null]
-74.47499999403954,16.149999976158142,-85.81503744205492,4013ba82-f366-4573-9d32-5cfc47cfdb0c,minecraft:spider,true,Spider,[null]
-97.47499999403954,-2.0,-80.73139074026966,5bf2fd3a-dfa7-40c7-b2f7-9d6448a42dd1,enemyexpansion:tarantula,true,Tarantula,[null]
-104.19521286576118,-23.0,-83.52500000596046,b04218a4-d6a3-48b6-b5a8-e4f871216702,enemyexpansion:tarantula,true,Tarantula,[null]
-48.193228829423646,59.0,-47.612633396334985,4b18fb62-3ae2-4283-918b-03908bc98654,minecraft:spider,true,Spider,[null]
-111.13107174609071,-15.284228877915648,-115.52500000596046,e4ea7d51-b0f4-4940-afc1-0d322bd96016,enemyexpansion:tarantula,true,Tarantula,[null]
-59.85809423568001,-3.850000023841858,-79.47499999403954,61f35fa9-1b6b-47ce-9842-838c167adbd9,enemyexpansion:tarantula,true,Tarantula,[null]
-11.69468441766232,-12.850000023841858,-76.47499999403954,2bb8b2b2-e11f-452e-bd24-dd3af65d6975,enemyexpansion:tarantula,true,Tarantula,[null]
-118.15324396363516,37.0,-94.52500000596046,22bf0d1b-31c8-4c84-87a4-c63512f92109,minecraft:spider,true,Spider,[null]
-143.47499999403954,32.0,-112.70758579288069,a5a3c389-776e-41f2-be0c-8d7697f16393,minecraft:spider,true,Spider,[null]
-107.61078949082234,38.0,-85.47499999403954,ee78a325-d574-4ac6-b82d-f1866f780113,minecraft:spider,true,Spider,[null]
-122.75682381013176,-12.0,-75.52500000596046,fc500130-18fe-4823-b13a-10fcf6390b8c,enemyexpansion:tarantula,true,Tarantula,[null]
-127.35917973348954,45.0,-98.12197843520784,7cf85251-696e-4f4c-9d4f-67e67db211fe,minecraft:spider,true,Spider,[null]
-108.47499999403954,85.14999997615814,-63.474999994039536,cc607168-619d-41ea-88bb-ee29f574d917,minecraft:spider,true,Spider,[null]
-123.0,32.0,-114.0,4d3ecfe3-c22e-4181-be2e-565bc13d1bae,minecraft:spider,true,Spider,[null]
-108.81069557480548,91.70266118077953,-84.52500000596046,2db15cf3-3929-4582-ab82-6fb7bf1b9dfa,minecraft:spider,true,Spider,[null]
-112.52500000596046,39.929969954252684,-97.52500000596046,ef98297a-23b7-43bf-a444-197165039ecd,minecraft:spider,true,Spider,[null]
-81.14500003403951,6.0,-85.47499999403954,c726a3f8-f0a3-4a30-9fbd-a36680fa69af,enemyexpansion:tarantula,true,Tarantula,[null]
-35.5822162611877,80.0,-65.86594394628771,db64628b-d174-4177-b835-81662d8f42f6,minecraft:spider,true,Spider,[null]
-127.47499999403954,23.0,-138.18240726986784,88f7e01e-792e-458f-b4d7-028c0d98b1c6,minecraft:spider,true,Spider,[null]
-82.23500150017064,37.0,-104.52500000596046,0ed75388-5753-4850-b01d-27620b4b5831,minecraft:spider,true,Spider,[null]
-94.87501152637311,34.6564761151456,-115.52500000596046,a701d165-b1a6-449a-aa47-749a1a012ee5,minecraft:spider,true,Spider,[null]
-102.47499999403954,53.95519101646896,-83.47499999403954,560ce62a-b046-41df-96d7-59a854f8e9d2,minecraft:spider,true,Spider,[null]
-134.0,-31.0,-51.0,c61f81b5-939f-4877-ba7a-1050e19e027a,enemyexpansion:tarantula,true,Tarantula,[null]
-73.03219737058164,-27.0,-35.474999994039536,293dca33-83b4-4d4e-8dca-1e4415c6dafc,enemyexpansion:tarantula,true,Tarantula,[null]
-59.88732830947988,55.0,-45.525000005960464,165935a4-e6b9-406b-a959-2974b5d1c511,minecraft:spider,true,Spider,[null]
-95.52500000596046,80.0,-45.474999994039536,fb92fd2f-24e4-4e4c-9390-70a8ab304ae2,minecraft:spider,true,Spider,[null]
-67.52500000596046,-27.0,-56.85699165313518,9f709771-591f-4d13-927e-0f17071c4df5,enemyexpansion:tarantula,true,Tarantula,[null]
-61.31239655478251,56.14999997615814,-55.474999994039536,006d03de-ec98-421c-a8b2-503cda45797a,minecraft:spider,true,Spider,[null]
-107.0,-23.0,-81.0,f2dcd113-7491-4f61-bb18-4e58a482bc9c,enemyexpansion:tarantula,true,Tarantula,[null]
-155.47499999403954,12.149999976158142,-19.474999994039536,a6aad10b-905b-49b7-80b4-b6b5d8790114,minecraft:spider,true,Spider,[null]
-133.81277131924347,-34.0,-92.56293780461054,49f8c287-9825-4963-9c0a-65978bc429a4,enemyexpansion:tarantula,true,Tarantula,[null]
-127.75280256850886,46.0,-75.44535785177473,98d7aa2d-d7ac-463f-badb-56b95cab63c7,minecraft:spider,true,Spider,[null]
-77.47499999403954,5.0,-108.52500000596046,2d46ffe0-ef91-4bff-a837-d90a34612eec,enemyexpansion:tarantula,true,Tarantula,[null]
-81.47499999403954,7.112291385369727,-67.47499999403954,0fbfba8a-f1d2-449d-8446-67a0792b8598,enemyexpansion:tarantula,true,Tarantula,[null]
-81.47499999403954,73.83057200142325,-102.50461616416402,b0df9767-9385-4871-a1c8-6d06453441a8,minecraft:spider,true,Spider,[null]
-101.65000000596046,37.05406604318016,-108.6954141209423,100c1fe8-5530-44a1-a045-3e360ea8d9df,minecraft:spider,true,Spider,[null]
-109.58737615817854,79.69417226109137,-85.52500000596046,fe916c6d-a598-4fd7-86aa-ee3e58128909,minecraft:spider,true,Spider,[null]
-57.78158814681294,25.0,-2.5250000059604645,eecd0a06-8654-454b-a846-e8fb3bf6c4ae,minecraft:spider,true,Spider,[null]
-118.51889578421289,-2.768048805651302,-67.47499999403954,45ded28d-8ce4-4bc5-be64-e86dd1452cfe,enemyexpansion:tarantula,true,Tarantula,[null]
-127.52500000596046,37.0,-0.4749999940395355,d2cf3d52-c51b-4c7d-a449-09c57c584d5c,minecraft:spider,true,Spider,[null]
-129.52500000596046,98.24235484262323,-81.50320483960826,0a4159cf-e95e-41ac-aece-e0b4edcbe9ab,minecraft:spider,true,Spider,[null]
-117.47499999403954,-8.850000023841858,-65.52500000596046,1d8a980d-00e3-4cfb-9c0e-6a5fd1793995,enemyexpansion:tarantula,true,Tarantula,[null]
-19.474999994039536,-18.0,-69.59509829097591,dd287677-385c-49b1-a6ab-840ec052f0f6,enemyexpansion:tarantula,true,Tarantula,[null]
-116.08774575145742,48.0,-96.80109113770996,9a68089f-0c74-4fbb-a71a-b16805c13c16,minecraft:spider,true,Spider,[null]
-117.85744081822945,4.149999976158142,-67.47499999403954,f74e80bc-5880-4bac-b701-e909cbf7fdca,enemyexpansion:tarantula,true,Tarantula,[null]
-115.47499999403954,43.14999997615814,0.5250000059604645,e6ca48dc-726a-491d-9edc-cf9ad741d7ad,minecraft:spider,true,Spider,[null]
-98.30078673652933,-13.0,-63.68347757914287,3e92d8b5-2fb8-437a-94a9-b2f768d9727c,enemyexpansion:tarantula,true,Tarantula,[null]
-80.52500000596046,-34.0,-85.47499999403954,98c84dcb-d007-4949-b98b-dd6f5344f940,enemyexpansion:tarantula,true,Tarantula,[null]
-81.60494632477287,37.0,-121.25839906429867,71f427a9-0fb2-4a0c-bd11-716efb67173b,minecraft:spider,true,Spider,[null]
-89.56671703849707,-26.0,-93.23491739132125,47cc6fb8-6518-45ae-8548-b640bf531d41,enemyexpansion:tarantula,true,Tarantula,[null]
-88.81475947975103,-28.850000023841858,-68.52500000596046,7ad7b898-b02e-47c4-8181-51852aa99da2,enemyexpansion:tarantula,true,Tarantula,[null]
-148.9656291634791,35.14999997615814,-76.47499999403954,1de3dc2b-7a73-48a0-8870-028eb829bf80,minecraft:spider,true,Spider,[null]
-121.0,78.0,-47.0,dbd07bb4-12d8-4f1c-b4cb-8c92e0ef90e9,minecraft:spider,true,Spider,[null]
-141.0,1.0,-114.0,ea513c1f-6dea-4868-a196-245de1b9e4ac,minecraft:spider,true,Spider,[null]
-129.52500000596046,57.88780304412011,-93.49914147778469,cdd39011-b99d-436c-9723-a16bdea731c7,minecraft:spider,true,Spider,[null]
-126.30894230724243,41.0,-66.55473470831475,109e3f88-45a5-4c9d-b95b-4ef6cce1077d,minecraft:spider,true,Spider,[null]
-144.9883081405507,10.0,-67.69533434700843,e83f4c95-d146-4386-b920-505f93a354b6,minecraft:spider,true,Spider,[null]
-7.0,41.0,-99.0,aa843465-f432-4fd0-a674-115359bf5b38,minecraft:spider,true,Spider,[null]
-81.47499999403954,88.71052398803312,-69.80354570551258,ab4fbf74-665f-483c-a494-5c88867b8faf,minecraft:spider,true,Spider,[null]
-118.47499999403954,32.0,-10.14571910396522,16f59b73-37f8-4a3b-8e32-34abe6aeb045,minecraft:spider,true,Spider,[null]
-98.22442169217494,-27.850000023841858,-39.46080392056509,0728e000-ea76-4253-ba03-1f52c49ddbc9,enemyexpansion:tarantula,true,Tarantula,[null]
-52.0,1.0,-147.0,8075d7fe-1601-4c0d-91c1-b52340659bad,minecraft:spider,true,Spider,[null]
-119.0,85.0,-15.0,682eca8a-9558-4f21-8d76-2f549d3763dc,minecraft:spider,true,Spider,[null]
-129.52500000596046,61.14999997615814,-68.20054924558956,40c54c49-0105-4d0d-b1f1-441e4df112aa,minecraft:spider,true,Spider,[null]
-92.0,20.0,-163.0,5ce8a029-e805-4cfb-a59d-9863efdf470d,minecraft:spider,true,Spider,[null]
-148.19831626733054,-17.55695510735197,-99.47499999403954,7b288f86-4b90-4441-9fab-ba029ed01efb,enemyexpansion:tarantula,true,Tarantula,[null]
-149.25136493548715,23.149999976158142,-30.525000005960464,a861dc5f-6202-48a5-ac59-925e59264ff7,minecraft:spider,true,Spider,[null]
-83.68267548392583,42.14999997615814,-85.52500000596046,19c3f87e-5ff2-4efb-a015-489e7a197776,minecraft:spider,true,Spider,[null]
-169.0,8.0,-23.0,eb5a0b52-acd3-4aa9-a04e-0194bcaa6767,minecraft:spider,true,Spider,[null]
-130.0,-24.0,-120.0,87e6d642-8050-496d-9626-fc9411b92d91,enemyexpansion:tarantula,true,Tarantula,[null]
-57.474999994039536,-10.109723869261629,-84.17497548746951,3c26ed99-b374-4435-81f4-0bd2c64c05bd,enemyexpansion:tarantula,true,Tarantula,[null]
-125.36369596665804,-21.0,-74.2254798550731,dc1fdabc-c9ec-497c-a5cb-09c9aa8a0114,enemyexpansion:tarantula,true,Tarantula,[null]
-98.30443133881677,54.0,-86.47499999403954,9be8cc76-8a2c-49f7-ab25-d9e8f1f7742f,minecraft:spider,true,Spider,[null]
-75.47499999403954,23.656488618865502,-158.47499999403954,809f67a5-42d4-4579-b31e-a3d1b8bb7ca4,minecraft:spider,true,Spider,[null]
-141.0,76.0,-43.0,3052848b-fa79-45cb-a78b-860ea60efedb,minecraft:spider,true,Spider,[null]
-40.983212764631475,55.78015810810347,-55.525000005960464,4892927b-3ff3-4bab-abfa-8ba7755ae62e,minecraft:spider,true,Spider,[null]
-49.1702721126177,64.0,-39.474999994039536,b7053e8c-57a1-451e-9b5f-d846dfa493a7,minecraft:spider,true,Spider,[null]
-145.60844703757354,14.0,-82.42008532891376,def3b64b-09d7-4e51-b265-ba68920016f0,minecraft:spider,true,Spider,[null]
-98.27136918296301,58.0,-108.82362542842726,3276a593-26a8-467a-bb39-88b55f211bab,minecraft:spider,true,Spider,[null]
-82.6602342307197,24.0,-155.52500000596046,2fbd2b9d-7e95-4060-be63-fde95f7804e9,minecraft:spider,true,Spider,[null]
-144.0,10.0,-67.0,81851ed5-246d-49ba-8e6f-7e80f5b79b39,minecraft:spider,true,Spider,[null]
-117.50726405347811,-12.0,-92.52500000596046,b4c3c053-72bd-4b89-a8f5-6c5ccac78404,enemyexpansion:tarantula,true,Tarantula,[null]
-139.0,-18.0,-116.0,9b82e060-cbc8-4288-b135-bd5630e23c55,enemyexpansion:tarantula,true,Tarantula,[null]
-98.0,74.0,-83.0,6c574674-d681-435e-b2fe-740c812dd096,minecraft:spider,true,Spider,[null]
-105.68427081372398,83.0,-52.87681151572576,84cee177-a504-4bd1-9934-f2b89af875f7,minecraft:spider,true,Spider,[null]
-129.0,31.0,-166.0,6f329ee3-acbe-4618-b984-939fd77dfbd7,minecraft:spider,true,Spider,[null]
-112.47499999403954,94.0,-117.52500000596046,262eec7f-cb39-4d7a-b094-095a65d8d86a,minecraft:spider,true,Spider,[null]
-67.0,36.0,-42.0,14a4e8c3-97ab-4bf3-847e-2b0d04f21aef,minecraft:spider,true,Spider,[null]
-85.76159208456335,24.149999976158142,-67.52500000596046,f9ddeeec-fdc0-4833-ac87-f62ffd01c522,enemyexpansion:tarantula,true,Tarantula,[null]
-112.49297731238644,-3.850000023841858,-61.525000005960464,47441ad6-4498-4dbd-9405-ef831ead2ef1,enemyexpansion:tarantula,true,Tarantula,[null]
-30.0,82.0,-69.0,748c0c7a-02bf-4838-ba25-610d79daaa13,minecraft:spider,true,Spider,[null]
-139.1472863110468,28.0,-151.52500000596046,1aace826-64d1-4782-bc7c-dfd1a8ed1128,minecraft:spider,true,Spider,[null]
-63.474999994039536,-23.0,-70.52500000596046,b6ab4380-112a-458a-a3c2-52d6dba41d78,enemyexpansion:tarantula,true,Tarantula,[null]
-72.77093347238738,-25.850000023841858,-36.474999994039536,538db6a0-be09-40cd-a2c6-e50645fdc941,enemyexpansion:tarantula,true,Tarantula,[null]
-101.09252729766561,-19.0,-84.47499999403954,3d14151c-a781-4d93-83e0-322739bc68da,enemyexpansion:tarantula,true,Tarantula,[null]
-67.52500000596046,-19.850000023841858,-76.52500000596046,1b38fd50-0952-4219-b74a-60f7ca8e106a,enemyexpansion:tarantula,true,Tarantula,[null]
-87.23537198988684,53.0,-87.94863390660373,5288e902-696a-497b-9878-6b60a25efe04,minecraft:spider,true,Spider,[null]
-109.50339170316622,76.17653388744615,-67.47499999403954,63433e02-e0e5-4e42-a3d9-097f66d4b451,minecraft:spider,true,Spider,[null]
-88.8923552567842,23.149999976158142,-67.47499999403954,9c2d00d1-280d-43bb-8ab4-78dc3465fc4f,enemyexpansion:tarantula,true,Tarantula,[null]
-69.69288193261106,-24.0,-75.52500000596046,aa0a38aa-e953-4006-8fc3-e846fbd05b49,enemyexpansion:tarantula,true,Tarantula,[null]
-70.0,37.0,-119.0,263bc9d8-af3f-4a81-813b-6dfd819b9859,minecraft:spider,true,Spider,[null]
-55.0,31.0,-140.0,c1814ffe-85ec-47b8-baee-5ac440acae1a,minecraft:spider,true,Spider,[null]
-147.47499999403954,80.14999997615814,-41.525000005960464,08995a75-0d77-4268-a131-22c9d8849c57,minecraft:spider,true,Spider,[null]
-101.85451136769225,79.94827264308212,-67.47499999403954,1507959b-ed08-4adb-8748-d620eaff55c6,minecraft:spider,true,Spider,[null]
-120.28022402384121,37.0,-98.59959902615539,9f54d47d-af62-427a-a6dd-c2784cb0fd42,minecraft:spider,true,Spider,[null]
-110.0,-36.0,-85.0,f0c131b2-2a8c-44f8-8336-76cde4611389,enemyexpansion:tarantula,true,Tarantula,[null]
-115.47499999403954,89.31991997619434,-40.474999994039536,767c71ea-082e-4fdd-b609-8c6b2e42a6ea,minecraft:spider,true,Spider,[null]
-94.47499999403954,23.149999976158142,-115.52500000596046,5fd80564-af15-43b9-bf54-e857632237bb,minecraft:spider,true,Spider,[null]
-100.87741966346573,-25.623878883885066,-67.47499999403954,94effcee-63aa-46ed-a8e6-04b74e6c2c4b,enemyexpansion:tarantula,true,Tarantula,[null]
-82.88431271444293,55.14999997615814,-84.52500000596046,3ba14cfb-ef37-4945-8bb6-b3ce7b0b9467,minecraft:spider,true,Spider,[null]
-132.52500000596046,27.149999976158142,-131.0809600999579,f03831df-7f34-4f7f-8db6-06d8ab9e8c27,minecraft:spider,true,Spider,[null]
-35.474999994039536,10.149999976158142,-91.22614995434917,f9492cd4-3cd5-4606-ac8c-9f0bdcd4be96,minecraft:spider,true,Spider,[null]
-102.60736749020084,77.0,-77.25651443246124,36bb1fa3-13a7-40ff-9245-5118c776c3f8,minecraft:spider,true,Spider,[null]
-92.47499999403954,-17.0,-67.14500003403951,576e9c4e-6295-4ff2-a3e1-dacd214278de,enemyexpansion:tarantula,true,Tarantula,[null]
-80.0,7.0,-13.0,1637cb9b-5ea0-4fe8-8c6a-b6c25a09d355,minecraft:spider,true,Spider,[null]
1.7381174661937906,43.14999997615814,-98.52500000596046,1abdba8e-37e4-43fc-88fb-30bb9b0e7d00,minecraft:spider,true,Spider,[null]
-42.0,21.0,-160.0,dacc4521-0523-486f-8672-5d8f8a00c01b,minecraft:spider,true,Spider,[null]
-126.0,27.0,-71.0,605e2430-2d90-43bc-a4d9-e8aafc34c096,minecraft:spider,true,Spider,[null]
-148.0,3.0,-103.0,76eace78-a48a-4a6b-9f71-edb041336dd0,minecraft:spider,true,Spider,[null]
-89.52500000596046,40.0,-125.52500000596046,6999b97b-b869-457c-812a-7ad878c6dc17,minecraft:spider,true,Spider,[null]
-112.68342125723386,83.0,-50.70650204072382,604bf63c-f190-4e36-a314-9661e99a7cbb,minecraft:spider,true,Spider,[null]
-79.52500000596046,43.57093542734997,-109.52758727561616,c146a4ac-1483-451c-ba31-41b7d536b880,minecraft:spider,true,Spider,[null]
-61.474999994039536,67.14999997615814,-82.22900264725568,510b677b-10c5-4cc4-8804-4764c8f9315c,minecraft:spider,true,Spider,[null]
-57.474999994039536,55.0,-53.771922042671484,4409101b-87b5-4d22-9b52-fac3fd6c2949,minecraft:spider,true,Spider,[null]
-127.0,-22.0,-77.0,1b063d79-05c7-4c5f-9b9c-66db09377465,enemyexpansion:tarantula,true,Tarantula,[null]
-33.474999994039536,25.0,-117.52500000596046,55a779b4-99d4-40c4-a343-c8a2466fdb28,minecraft:spider,true,Spider,[null]
-124.47499999403954,-21.850000023841858,-58.35419337472559,fb7642a0-f14b-47ee-94a5-0a4c25ac55c4,enemyexpansion:tarantula,true,Tarantula,[null]
-107.52500000596046,62.0,-37.724013229290414,5576b074-a0f1-4dcd-a958-5d5ecdd7c8cd,minecraft:spider,true,Spider,[null]
-174.52500000596046,9.149999976158142,-135.84673080183953,b34b59dc-773a-4da8-b330-071e61a3395e,minecraft:spider,true,Spider,[null]
-127.02692136231246,35.0,-78.89723210663166,1abc33f9-e1ce-413f-9e0b-918c68699dbb,minecraft:spider,true,Spider,[null]
-59.525000005960464,-0.8500000238418579,-82.04466407395974,278ae4a2-ef95-4969-baae-6a2e93c2c3da,enemyexpansion:tarantula,true,Tarantula,[null]
-16.474999994039536,19.0,-77.81616792531871,e8cb5baf-3dda-4d36-b74e-de85468b44f5,minecraft:spider,true,Spider,[null]
-104.29160404724689,-4.850000023841858,-60.388297700768774,c20d20d2-137f-4f62-98d2-5a2584c8aab8,enemyexpansion:tarantula,true,Tarantula,[null]
-47.0,14.0,-98.0,b6d5c9ca-a0b8-47b6-a3b6-48e3e36038f8,minecraft:spider,true,Spider,[null]
-171.78624619379391,11.0,-63.184993112567064,5a221958-c42d-44fe-88f1-d40bf14bc525,minecraft:spider,true,Spider,[null]
-172.0,9.0,-67.0,c39537f5-da40-4ac5-85d5-50ff9891690f,minecraft:spider,true,Spider,[null]
-166.0,22.0,-130.0,d616d6a8-54b5-4dc9-8fba-5e8d457d10c3,minecraft:spider,true,Spider,[null]
-129.47499999403954,65.0,-143.52500000596046,9197ea7c-5b48-4ad1-8b6f-bf3a318da74b,minecraft:spider,true,Spider,[null]
-146.47499999403954,0.0,-107.47499999403954,42678e36-b0c7-42a3-a8dd-db14cca65dbb,minecraft:spider,true,Spider,[null]
-72.52500000596046,-6.850000023841858,-45.525000005960464,8c9092df-932a-47fa-bff2-3560a4c1eb2a,enemyexpansion:tarantula,true,Tarantula,[null]
-131.31137771696018,12.149999976158142,1.4749999940395355,a203f27e-0d1e-4ad6-b38a-016ef8b2e4d7,minecraft:spider,true,Spider,[null]
-182.0,7.0,-61.0,09556aa4-f305-4775-b75f-ebed5eb4713e,minecraft:spider,true,Spider,[null]
-165.0,-15.0,-92.0,7b8e0787-313b-4825-8933-fa5154e6d1c4,enemyexpansion:tarantula,true,Tarantula,[null]
-112.10982449193835,76.35598793826826,-115.52500000596046,d044528b-e2bc-4fbe-ab56-e3b698666396,minecraft:spider,true,Spider,[null]
-81.47499999403954,78.1803900210328,-74.51000909296884,296234e8-5204-450d-ba12-b252b88a08a9,minecraft:spider,true,Spider,[null]
-80.47499999403954,55.24345315753713,-76.47499999403954,51994c8f-fbdd-4ab7-8b87-dd1bda41a576,minecraft:spider,true,Spider,[null]
-167.52500000596046,-14.0,-93.8312682226733,35ec0faf-2aaf-43cb-8393-201b0c74ab41,enemyexpansion:tarantula,true,Tarantula,[null]
-101.42082611817136,-38.0,-102.83953813185211,fc80d816-5b6c-4dd8-9040-f9673d6f1b88,enemyexpansion:tarantula,true,Tarantula,[null]
-103.0,13.0,-173.0,47e9ed41-3e88-4e17-9739-9d7f01eb0d3d,minecraft:spider,true,Spider,[null]
-83.0,25.0,-154.0,21f2fb5d-900d-4976-8327-feb95693ec3f,minecraft:spider,true,Spider,[null]
-104.0,31.0,-125.0,21dacb20-a9ae-47ab-974e-39acddcc290d,minecraft:spider,true,Spider,[null]
-77.0,31.0,-143.0,3e5560a7-2386-466f-8fa7-31b757636ea8,minecraft:spider,true,Spider,[null]
-135.52500000596046,32.16885323592831,-3.6151208090079674,63ee246a-e9bf-4df5-9b96-39f6e5d402a3,minecraft:spider,true,Spider,[null]
-119.42688853539319,13.0,-85.8121359063259,0f32be1e-0dd2-475a-bae5-f4057d13a849,minecraft:spider,true,Spider,[null]
-167.47499999403954,50.14999997615814,-104.52500000596046,85be2b12-5843-49d5-aa7d-33be4f29d9d2,minecraft:spider,true,Spider,[null]
-81.47499999403954,72.34491521664386,-102.5056407340976,278ce6cc-3271-473a-b0d6-fe9c5426a8dd,minecraft:spider,true,Spider,[null]
-18.224999994039536,28.312653615783667,-93.47499999403954,782240df-4fdb-47f4-a714-468b025f0f67,minecraft:spider,true,Spider,[null]
-130.84280077972394,-11.0,-92.19688846367369,99a5b883-e2bd-4406-b3cf-4a25a0b20978,enemyexpansion:tarantula,true,Tarantula,[null]
-69.0,35.0,-133.0,cbe0fcd8-ee8e-4481-8fb1-4d71f501448f,minecraft:spider,true,Spider,[null]
-137.47499999403954,30.0,-12.41150110342701,540adfbf-fc77-43f8-95f4-0f77ae640e57,minecraft:spider,true,Spider,[null]
-48.0,-16.0,-130.0,3369b09c-9dfd-40c5-a52b-1a00dd385238,enemyexpansion:tarantula,true,Tarantula,[null]
-159.52500000596046,0.14999997615814212,-102.47499999403954,fd5697ae-a1a7-4ce1-bc4f-5e2b43992292,enemyexpansion:tarantula,true,Tarantula,[null]
-70.47499999403954,10.149999976158142,-28.82988544624599,fe29cc89-c556-44b4-9e65-eff594a69f16,minecraft:spider,true,Spider,[null]
-136.0,19.0,-94.0,4370b9d0-6444-468b-a623-76c86ff6f299,minecraft:spider,true,Spider,[null]
-93.49917305900377,47.0,-110.03597029367337,929e93fc-3240-4004-8305-1d300df2dd07,minecraft:spider,true,Spider,[null]
-129.0,45.0,-87.0,655d70b7-3291-4a86-8aa3-12698417cd7a,minecraft:spider,true,Spider,[null]
-51.0,-18.0,-124.0,b5f5c711-6b00-42f6-9e13-1d0e9c28e7dd,enemyexpansion:tarantula,true,Tarantula,[null]
-80.52500000596046,37.14999997615814,-152.78762003433215,08057833-641f-41a1-8e21-6e241025f0d0,minecraft:spider,true,Spider,[null]
-44.525000005960464,11.149999976158142,-141.32789702672187,5d8f088b-2a72-45dd-9c1e-683c7948135f,minecraft:spider,true,Spider,[null]
-82.0,26.0,-152.0,89345104-e0f4-4208-a89b-18db803ef6ee,minecraft:spider,true,Spider,[null]
-29.525000005960464,29.380956274325168,-85.47499999403954,22b21950-140b-43a3-a2e1-12e4e7ab204e,minecraft:spider,true,Spider,[null]
-163.14477275383035,11.0,-69.47499999403954,57a083ee-efc2-432a-9d4e-e47771e5599b,minecraft:spider,true,Spider,[null]
-115.53061198435526,35.14999997615814,-100.47499999403954,71d3dcac-3297-4bb8-a2d1-c123ff19f920,minecraft:spider,true,Spider,[null]
-127.77956513263207,-16.0,-95.71613341221762,193003e6-a2e8-451e-abf4-ba7ce8f0a376,enemyexpansion:tarantula,true,Tarantula,[null]
-51.474999994039536,-30.0,-72.47499999403954,b76eb2e1-6671-4bb5-a15d-064897fb42b5,enemyexpansion:tarantula,true,Tarantula,[null]
-65.0,33.0,-136.0,01790e50-eba7-4dca-972a-ef0fd5b696d1,minecraft:spider,true,Spider,[null]
-126.5541756271157,37.0,-0.4749999940395355,ec68ed0a-7cb7-4f95-8dae-cc4c19e66058,minecraft:spider,true,Spider,[null]
-137.0,9.0,-82.0,fae4e301-24f9-449e-b1f6-5d97f70ac574,minecraft:spider,true,Spider,[null]
-186.47499999403954,17.0,-69.27780320602585,d94fe147-1451-444d-a962-c0cb9113bec2,minecraft:spider,true,Spider,[null]
-136.58497550355364,-24.850000023841858,-97.98730981601076,5b764f9c-395c-4eb8-b530-161629df8158,enemyexpansion:tarantula,true,Tarantula,[null]
-98.81646405511437,38.0,-97.71744713644821,ff0ca976-643b-42e6-a0f3-de3602ca4bac,minecraft:spider,true,Spider,[null]
-36.474999994039536,23.211678275086676,-111.47499999403954,a42b765c-0901-452c-9285-5ed8947ba81d,minecraft:spider,true,Spider,[null]
-81.47499999403954,58.084592440410574,-72.50655800698101,f4e30fdb-82f6-479b-9f8e-9a2d45948f2f,minecraft:spider,true,Spider,[null]
-109.24283508108132,83.0,-53.85343449274239,17220368-4e1b-4c6e-9a0b-a51d9d06f9a1,minecraft:spider,true,Spider,[null]
-39.0,15.0,-9.0,1a2a6a25-0be4-4df9-9f57-5026b3a6b238,minecraft:spider,true,Spider,[null]
-88.71115066589365,41.0,-36.05727445215479,422337de-72c3-4d21-8aaa-9e9e87d1bcfd,minecraft:spider,true,Spider,[null]
-69.47499999403954,16.149999976158142,-77.86116653281532,da397317-be3d-4048-8c2f-d4532c5fadb2,minecraft:spider,true,Spider,[null]
-50.0,-18.0,-129.0,c18c8372-7452-44e2-a854-3d4b7749a3f9,enemyexpansion:tarantula,true,Tarantula,[null]
-72.52500000596046,29.0,-148.65251517187522,c6f13726-9adf-4121-911d-1f5de3b75bc7,minecraft:spider,true,Spider,[null]
-118.08107919375202,47.0,-97.47499999403954,e247aa9c-9dbf-4c03-9d03-8d5eae941ca3,minecraft:spider,true,Spider,[null]
-94.66127577759072,26.149999976158142,-174.72957257051036,07cb9921-99c8-4610-a0bb-fae11d9759a6,minecraft:spider,true,Spider,[null]
-82.0,32.0,-137.0,aeef08d3-e95b-4987-a42e-ed72522b2ba8,minecraft:spider,true,Spider,[null]
-116.0,-41.0,-68.0,dfdc9383-450e-4823-a8eb-a9cb4bf658a5,enemyexpansion:tarantula,true,Tarantula,[null]
-48.0,33.0,-138.0,a115014e-a337-484b-a87a-7e4677d9bbbd,minecraft:spider,true,Spider,[null]
-144.0,3.0,-110.0,ce2728a6-884e-4f03-933d-267bb10b2196,minecraft:spider,true,Spider,[null]
-130.7649028328978,32.14999997615814,-164.47499999403954,57a5cfed-4f1e-4905-a6a5-2c6b18b5f30e,minecraft:spider,true,Spider,[null]
-11.0,13.0,-131.0,b8bca8de-7ade-41a2-8a07-0a03b9748310,minecraft:spider,true,Spider,[null]
-131.52500000596046,-15.0,-79.82116425586315,e1445dfc-3a8d-44f5-a2f5-6d5b134d3388,enemyexpansion:tarantula,true,Tarantula,[null]
-57.0,56.0,-58.0,c201b8ae-f7fd-43b8-9bb1-87b40d5f2694,minecraft:spider,true,Spider,[null]
-169.91464135743598,44.14999997615814,-71.5295782493749,2741bfa2-5579-4343-9242-cde1b88b01d5,minecraft:spider,true,Spider,[null]
-102.09976405503028,42.0,-91.29117115015312,71082269-dc91-4876-a912-0c94d7e35a3e,minecraft:spider,true,Spider,[null]
-55.525000005960464,21.0,-154.81893959547716,f49f7822-5ce0-4dd7-a22b-59de55f0c1f5,minecraft:spider,true,Spider,[null]
-116.8072919153367,87.0,-39.768990845784955,a6436828-7989-4c57-99e8-7ca46a1b0c67,minecraft:spider,true,Spider,[null]
-50.680723852107846,57.0,-50.474999994039536,45b14a7e-8249-449c-bbc8-491493c09c38,minecraft:spider,true,Spider,[null]
-154.0,20.0,-19.0,5fb5290d-a212-4302-86bb-716e4657e365,minecraft:spider,true,Spider,[null]
-90.0,37.0,-121.0,f4230ce8-a888-43f2-853f-290734db0903,minecraft:spider,true,Spider,[null]
-137.13845458999893,-15.0,-100.52500000596046,15809107-af0a-45ef-a097-2967e003d396,enemyexpansion:tarantula,true,Tarantula,[null]
-138.22012740084563,154.0,-80.78771842252168,693a2977-2aa8-4dd3-8fdd-39cc347b2e66,minecraft:zombie,true,Zombie,[null]
-43.0,150.0,-69.0,dac111f3-db86-40f8-9d08-87747d7e99a5,minecraft:zombie,true,Zombie,[null]
-121.0,32.0,-6.0,af56d2ba-8650-4bb5-817f-42a4e4dac170,minecraft:spider,true,Spider,[null]
-73.0,8.0,-23.0,3074be95-2bd9-475f-bcab-5ae44ddaa893,minecraft:spider,true,Spider,[null]
-119.0,33.0,-107.0,6479b36f-784a-4cc6-9248-2bad0edf108d,minecraft:spider,true,Spider,[null]
-114.78623406921939,14.0,-119.47499999403954,32c7dbec-abca-48d7-8d36-048d4becc449,minecraft:spider,true,Spider,[null]
-76.0,-28.0,-34.0,61099eb2-fa85-4841-bfcb-c7c934623c59,enemyexpansion:tarantula,true,Tarantula,[null]
-103.52500000596046,-31.850000023841858,-27.938628094266917,11c519c6-efc9-4a7d-beb6-8c4ebef8e6b5,enemyexpansion:tarantula,true,Tarantula,[null]
-105.0,-19.0,-83.0,5c54c86b-865a-490d-ad1d-ff596f6bd12e,enemyexpansion:tarantula,true,Tarantula,[null]
-28.35313420399957,-23.0,-80.21759409345046,f0728a87-e08b-4b0f-b7a0-d3ad9df9895b,enemyexpansion:tarantula,true,Tarantula,[null]
-54.6212511587491,62.14999997615814,-39.474999994039536,1541d6f2-dd3e-4b7b-814a-801757d02313,minecraft:spider,true,Spider,[null]
-22.0,56.0,-129.0,82a06cb5-6b1e-459d-b200-721b8bbe309b,minecraft:spider,true,Spider,[null]
-139.0,64.0,-19.0,221be458-f828-4cf9-a219-93ca0bf5c783,minecraft:spider,true,Spider,[null]
-47.0,33.0,-142.0,af7ecf02-ec02-4c41-af58-aa78b64d1d03,minecraft:spider,true,Spider,[null]
-53.525000005960464,-31.0,-72.47022960629351,ea6c62c0-23a2-4fa7-a3c2-27297012dc0e,enemyexpansion:tarantula,true,Tarantula,[null]
-61.0,-21.0,-68.0,4d079077-770e-4210-8486-c9bc318781d3,enemyexpansion:tarantula,true,Tarantula,[null]
-128.47499999403954,-7.850000023841858,-128.3889795368463,c3a91a3f-a74b-48fa-9d5b-598508266136,enemyexpansion:tarantula,true,Tarantula,[null]
-92.0,156.0,-84.0,80148b84-362e-434a-ab41-d80dea1bb3ba,minecraft:zombie,true,Zombie,[null]
-124.0,47.0,-75.0,2a6e89cd-8f05-477f-909d-378f0cbede2d,minecraft:spider,true,Spider,[null]
-167.06684068359976,13.0,-62.26925001648318,5031db8c-6596-406f-9057-b55aee8824c7,minecraft:spider,true,Spider,[null]
-81.14500003403951,110.0,-111.58674162819675,fabc8410-c64e-4c93-a4c5-22853704c76c,minecraft:spider,true,Spider,[null]
-64.52500000596046,13.385060580588144,-98.52500000596046,d5079e69-09bc-4ba7-b239-f1f45ace2451,minecraft:spider,true,Spider,[null]
-54.79276995668126,-14.208103488500067,-29.474999994039536,fa5c4133-da96-4e33-a0b8-ce59019eb7af,enemyexpansion:tarantula,true,Tarantula,[null]
-33.693430711756065,-21.0,-78.47499999403954,297ffc01-7a03-4382-8b0c-d83879c70c57,enemyexpansion:tarantula,true,Tarantula,[null]
-63.474999994039536,-22.45241196390782,-63.47857246669626,336ddb8b-e6f1-48cd-9786-384fe812df54,enemyexpansion:tarantula,true,Tarantula,[null]
-89.0,-32.0,-80.0,57a04ab2-92be-4e2e-a9e6-a9fa6f6d6afd,enemyexpansion:tarantula,true,Tarantula,[null]
-166.0,51.0,-100.0,0bba7e49-2b61-4380-98da-a408045c90e1,minecraft:spider,true,Spider,[null]
-99.52500000596046,42.47328094878224,-38.474999994039536,c1d72b2d-adf0-4791-a089-8448326fe26b,minecraft:spider,true,Spider,[null]
-59.0,112.0,-82.0,6acc6834-e18f-4155-be00-67d07d5ce8f2,minecraft:spider,true,Spider,[null]
-125.10960096776228,29.0,-118.69429247884172,11cf0581-bb0e-4e54-b0c1-af6c5aa1e9b3,minecraft:spider,true,Spider,[null]
-39.78632802728203,-13.850000023841858,-47.474999994039536,d9694519-0ed2-4749-b9ee-4fbcd72ef403,enemyexpansion:tarantula,true,Tarantula,[null]
-94.6712306660065,-32.0,-69.7713226834897,c6a7b5ab-fc24-4340-8302-d2c0256efcd3,enemyexpansion:tarantula,true,Tarantula,[null]
-109.0,-36.0,-86.0,d3fc4852-d4c8-4fc7-8934-122ec96e51a5,enemyexpansion:tarantula,true,Tarantula,[null]
-127.0,-25.0,-61.0,a80603dc-b21e-441f-b692-ef0e453a92e4,enemyexpansion:tarantula,true,Tarantula,[null]
-109.52500000596046,48.22982843411102,-92.27842909845134,05fa109d-27f5-45cd-93fa-af83b4d076d8,minecraft:spider,true,Spider,[null]
-150.0,22.0,-32.0,12eb7e27-3a22-44f5-8154-394b9982a445,minecraft:spider,true,Spider,[null]
-103.47499999403954,138.0,-42.525000005960464,f3bc47c5-f5e5-4ea4-ab31-79c25bc2ba65,minecraft:spider,true,Spider,[null]
-85.52500000596046,59.0,-107.2294720550455,eb2fa41c-3dc7-4670-9f4b-ae536ec28b5b,minecraft:spider,true,Spider,[null]
-70.27494188622231,-27.0,-79.47499999403954,6668496f-f39e-478f-9b3b-aead15354393,enemyexpansion:tarantula,true,Tarantula,[null]
-72.52500000596046,-13.0,-63.69774013531875,c9f30d65-5f81-491b-8b69-e24d025b23f7,enemyexpansion:tarantula,true,Tarantula,[null]
-69.30205046671647,-14.0,-67.84568684737916,96a6c01e-8a71-465c-b2cf-10eec30231d3,enemyexpansion:tarantula,true,Tarantula,[null]
-71.0,26.0,-151.0,47ed9ae9-17fd-4915-9cb2-3179a2fd3121,minecraft:spider,true,Spider,[null]
-161.41676058545139,11.0,-71.80503003080156,e70ab24d-3ab0-4853-a418-50707921445d,minecraft:spider,true,Spider,[null]
-30.0,44.0,-139.0,3f26180e-9105-49ad-b0c4-222b5652781b,minecraft:spider,true,Spider,[null]
-147.47499999403954,-1.0,-108.42514739009626,3a653130-ff9d-4371-a1d5-bc506be0c1fa,minecraft:spider,true,Spider,[null]
-113.0,-13.0,-91.0,f9109d6d-cc51-4d73-94ed-78262291e9ba,enemyexpansion:tarantula,true,Tarantula,[null]
-97.0,-1.0,-80.0,bd0ae558-03a4-41f9-87a8-dda17f1e892e,enemyexpansion:tarantula,true,Tarantula,[null]
-63.525000005960464,-7.850000023841858,-75.31348599754864,1bac5218-4c42-4f90-8046-927971609ceb,enemyexpansion:tarantula,true,Tarantula,[null]
-137.0,-7.0,-99.0,174508e4-7277-41cc-8b0e-ab1456e3b07b,enemyexpansion:tarantula,true,Tarantula,[null]
-149.33513412167284,81.14999997615814,-41.525000005960464,5170e985-684f-4960-b94d-58ecb2b63055,minecraft:spider,true,Spider,[null]
-155.0,32.0,-127.0,583d55c8-c44c-46b6-a5f0-a7231cff4acd,minecraft:spider,true,Spider,[null]
-138.0,76.0,-43.0,7f551cda-ad08-43d2-8139-b72b5dacff90,minecraft:spider,true,Spider,[null]
-10.0,120.0,-85.0,11592af1-1be1-400d-a15b-7094d26517ac,minecraft:spider,true,Spider,[null]
-49.61066560537334,61.14999997615814,-51.762097032070905,f1250c23-e184-4d6b-9653-5c1f6fcfaaf5,minecraft:spider,true,Spider,[null]
-70.54112087368308,122.14999997615814,-66.71750307872651,abac6d3d-507e-4c56-9e2e-eff12fd0ba0c,minecraft:spider,true,Spider,[null]
-99.1871604017008,31.0,-74.79583578309676,2f935a55-131e-40e5-b57b-959a5dd7eccf,minecraft:spider,true,Spider,[null]
-60.525000005960464,122.14999997615814,-57.70986998779666,20b7fa91-35ee-412c-9319-dfa57dcae2d1,minecraft:spider,true,Spider,[null]
-92.0,41.0,-38.0,e43b06c7-78b7-4166-b328-c6f384931bfe,minecraft:spider,true,Spider,[null]
-115.0,70.0,-103.0,148aed3d-9427-4429-8e65-ab909163a78b,minecraft:spider,true,Spider,[null]
-63.77745653373228,135.0,-81.47499999403954,871b6029-e98d-423f-a3fd-efb9502bea39,minecraft:spider,true,Spider,[null]
-129.52500000596046,79.7556681529224,-113.14150482515909,2ba86cde-4748-45ab-a0a4-79ecd059c942,minecraft:spider,true,Spider,[null]
-37.0,152.0,-86.0,6ed24bdb-29cd-4521-8191-fc6480115d63,minecraft:zombie,true,Zombie,[null]
-27.474999994039536,30.187415966313846,-85.47499999403954,ed44c742-b043-4ac7-9fcb-6227ad00edaf,minecraft:spider,true,Spider,[null]
-78.6528803305583,38.67,-116.47499999403954,70dfc4f4-75f5-440d-ae7e-96ec976edaac,minecraft:spider,true,Spider,[null]
-50.0,126.0,-49.0,aed5b122-547a-4a9a-a84a-2a560f56fa37,minecraft:spider,true,Spider,[null]
-115.79384915891005,-4.7190772737289475,-58.474999994039536,d22afb33-584f-4dc5-9e89-b33f2b7dfb01,enemyexpansion:tarantula,true,Tarantula,[null]
-126.0,88.0,-2.0,3c80ad74-4a5f-4c12-9bfc-406025280ab7,minecraft:spider,true,Spider,[null]
-163.0,12.0,-68.0,bac52c86-5d0c-4f97-b9be-34ed23ec2f59,minecraft:spider,true,Spider,[null]
-80.40567270290809,98.0,-29.13683534377524,b840ec59-c91f-4b3a-b30b-12386b913140,minecraft:spider,true,Spider,[null]
-132.45338099652815,34.0,-156.52500000596046,14490145-612a-4379-9a7f-3dd3c13050d0,minecraft:spider,true,Spider,[null]
-60.474999994039536,-10.0,-77.28175863413792,7f1aa180-a43a-4ac5-957d-835b4c878a05,enemyexpansion:tarantula,true,Tarantula,[null]
-31.0,24.0,-82.0,e2458792-6906-4750-81ad-e494f6127015,minecraft:spider,true,Spider,[null]
-129.52500000596046,16.866192680588032,-74.52500000596046,50e4d3d7-e90d-4b39-9eb3-5359dfb432fb,minecraft:spider,true,Spider,[null]
-67.47499999403954,29.0,-156.52500000596046,22791f11-2b44-4fa9-a2cf-984272fe0984,minecraft:spider,true,Spider,[null]
-144.77912078530122,16.0,-78.47499999403954,286dd7ef-5ae1-4000-a7a4-afb63f0dfbce,minecraft:spider,true,Spider,[null]
-114.0,156.0,-59.0,852fbbb2-56ee-4088-bd7d-d6a1b9389489,minecraft:zombie,true,Zombie,[null]
-158.52500000596046,24.149999976158142,-140.20406546957466,c10ad60c-3078-4e51-9d51-8f8a6095974d,minecraft:spider,true,Spider,[null]
-102.47499999403954,43.0,-93.2486754111445,4e8b567b-a6f4-44a9-8534-bcefb7fce3e7,minecraft:spider,true,Spider,[null]
-162.0,25.0,-122.0,089be883-7a9b-4274-8756-6d2c96410c48,minecraft:spider,true,Spider,[null]
-76.76842616168095,9.149999976158142,-86.52500000596046,56f38633-28bf-4514-bceb-b9cfe0972028,minecraft:spider,true,Spider,[null]
-94.0,-16.0,-82.0,414da0a2-838d-41e5-945a-f7c8f597c7b2,enemyexpansion:tarantula,true,Tarantula,[null]
-97.0,-16.0,-82.0,2e39c55b-f548-4fb4-9051-97635040708b,enemyexpansion:tarantula,true,Tarantula,[null]
-81.0,-14.0,-71.0,62e76145-a86c-4c65-bd87-e7f266aa759e,enemyexpansion:tarantula,true,Tarantula,[null]
-131.52500000596046,-15.0,-80.98473773037892,661ae648-45f8-48db-a9ee-4e66cc2fd3a0,enemyexpansion:tarantula,true,Tarantula,[null]
-67.52500000596046,26.124973008011928,-149.52500000596046,702c7609-0251-420a-881a-32f26515918b,minecraft:spider,true,Spider,[null]
-148.15840270908166,76.0,-43.613809578102924,5c0c6869-2cd7-4b55-af1c-bc8b54d2a1e4,minecraft:spider,true,Spider,[null]
-121.53045433570321,38.14999997615814,-97.91660013986743,8cdbb838-f4ad-4bf2-9ed8-1f6fec136dfc,minecraft:spider,true,Spider,[null]
-102.83109168166332,3.0,-102.48092479740865,994cdaa0-4fb6-427c-8bce-5c674da7c5dc,minecraft:spider,true,Spider,[null]
-123.0,-20.0,-70.0,492ac70c-bfd5-4a65-8fd2-7aca8b49cdcd,enemyexpansion:tarantula,true,Tarantula,[null]
-151.1442167619988,-20.0,-99.47499999403954,3e025658-6e12-42a3-8648-099ec281993d,enemyexpansion:tarantula,true,Tarantula,[null]
-141.7440150838183,-14.850000023841858,-117.52500000596046,9aa2f3fd-eaa9-4686-b500-2db3e44ee281,enemyexpansion:tarantula,true,Tarantula,[null]
-96.0,-12.0,-62.0,9af9929e-efbc-41bf-82ec-51e8b4768907,enemyexpansion:tarantula,true,Tarantula,[null]
-109.0,68.0,-175.0,b5a70992-04d0-4cc5-b755-28a246d5f9e3,minecraft:spider,true,Spider,[null]
-98.47499999403954,94.0,-26.312414054351642,50202fe9-d4b9-4434-8735-73e758c98b5f,minecraft:spider,true,Spider,[null]
-81.47499999403954,94.44741863020361,-82.85088410427085,e10eca98-cc67-4419-b342-f4e53ea87fb9,minecraft:spider,true,Spider,[null]
-160.73353949179003,23.0,-156.54152051064872,d33dd62c-af39-4dfd-b31c-243a339b9048,minecraft:spider,true,Spider,[null]
-97.0,-17.0,-85.0,c6805642-be23-4886-a008-a2afea45357f,enemyexpansion:tarantula,true,Tarantula,[null]
-119.52500000596046,-15.0,-72.47499999403954,227cd518-00eb-4ef1-a65e-3d66c82965bb,enemyexpansion:tarantula,true,Tarantula,[null]
-104.89585987699085,-10.0,-60.13774126267314,67bdde1f-5bc7-4973-9bdc-6ce705b05416,enemyexpansion:tarantula,true,Tarantula,[null]
-110.0,-5.0,-71.0,14e85848-c136-45d7-8f73-c4724c9877fe,enemyexpansion:tarantula,true,Tarantula,[null]
-95.52500000596046,18.0,-164.47499999403954,6e2e3c6f-1fa9-4571-92d9-054f8663c392,minecraft:spider,true,Spider,[null]
-124.0,92.0,-99.0,f448b67e-09a3-4a46-a43f-50fb1c855db4,minecraft:spider,true,Spider,[null]
-36.72832571239138,11.149999976158142,-97.10958424954258,9b8f277c-779b-4b51-a63c-d69f5cb1a95e,minecraft:spider,true,Spider,[null]
-129.47499999403954,38.0,-116.50273414544854,a8aa12f4-abe5-4f11-a53e-88ecb45ceec3,minecraft:spider,true,Spider,[null]
-116.55133558395623,-13.0,-128.78647261665094,a0929507-1a18-4820-b4be-4514b6f3d02d,enemyexpansion:tarantula,true,Tarantula,[null]
-129.52500000596046,-13.850000023841858,-69.26406995727298,3daf494f-0a26-4494-98c0-7b08611f9a77,enemyexpansion:tarantula,true,Tarantula,[null]
-143.0,-18.0,-96.0,f26510ec-32c7-421f-9c45-9e67400c9713,enemyexpansion:tarantula,true,Tarantula,[null]
-98.0,-34.0,-113.0,bd973208-2167-4ffa-952e-f2f344aa8c1e,enemyexpansion:tarantula,true,Tarantula,[null]
-92.0,85.0,-63.0,6ec169a1-a16e-4399-a1a3-35b45ecee024,minecraft:spider,true,Spider,[null]
-52.0,85.0,-154.0,1f34f1df-9a61-4744-a200-94d6d142e77f,minecraft:spider,true,Spider,[null]
-122.52500000596046,44.756056403662434,-95.37742357996117,f3344d55-de29-4fcc-a2e9-b440fa90571f,minecraft:spider,true,Spider,[null]
-166.42371938952152,110.0,-99.33922426823054,d71c760d-4fd8-436a-8528-7cdebfd76051,minecraft:spider,true,Spider,[null]
-123.47499999403954,-23.0,-60.17396169157728,49408826-11d9-4f6a-95da-8be844b95475,enemyexpansion:tarantula,true,Tarantula,[null]
-114.88221696752926,-12.0,-59.474999994039536,86dff626-b3df-4a06-9212-0bc926813e54,enemyexpansion:tarantula,true,Tarantula,[null]
-145.0,-7.0,-107.0,6ee4f4b9-d944-455e-ad77-8dc95b0e8931,enemyexpansion:tarantula,true,Tarantula,[null]
-129.0,-23.0,-80.0,e34085b3-a275-4f95-9b97-e05acc6740b5,enemyexpansion:tarantula,true,Tarantula,[null]
-80.5009406167946,154.0,-59.809733050926546,57b3e3b6-33be-4666-8300-1b7877115044,minecraft:zombie,true,Zombie,[null]
-99.0,119.0,-35.0,65fa94c6-4b03-4960-a159-98f5d188ace6,minecraft:spider,true,Spider,[null]
-134.47499999403954,132.14999997615814,-58.300285181462776,a876c7b9-5c36-4ba0-a848-a4cb8f5c1023,minecraft:spider,true,Spider,[null]
-94.52500000596046,101.14999997615814,-137.88378523514064,122a3ec1-0c8b-4f5b-8a7b-285d7e9f36d3,minecraft:spider,true,Spider,[null]
-97.63613664044878,97.0,-135.53987680972472,57c2bef8-e070-4aa1-94e5-c812b346c2f1,minecraft:spider,true,Spider,[null]
-129.8549999659605,-11.0,-91.48162572302354,0f99d39f-7276-409b-a6fc-a419c41c81c2,enemyexpansion:tarantula,true,Tarantula,[null]
-128.0,-12.0,-96.0,552d64b3-d260-4c83-b4db-3551bebbbfc7,enemyexpansion:tarantula,true,Tarantula,[null]
-125.0,-32.0,-108.11790472540953,f4298f91-6067-4021-81b4-4fb6d0ede8d5,enemyexpansion:tarantula,true,Tarantula,[null]
-119.47499999403954,-1.839307306898323,-115.52500000596046,64d6688a-966a-41b4-a38b-ad77a3ad1a76,enemyexpansion:tarantula,true,Tarantula,[null]
-33.0,153.0,-137.0,e6a586cd-9ea3-44bc-a978-e8e240b91194,minecraft:zombie,true,Zombie,[null]
-167.52500000596046,18.149999976158142,-143.16361449093205,e4093361-5764-41e7-af60-a8b743e09248,minecraft:spider,true,Spider,[null]
-93.82985808691856,37.0,-100.47499999403954,b7603591-efd8-4095-8c0d-7a68b54e0eff,minecraft:spider,true,Spider,[null]
-42.474999994039536,86.0,-109.52500000596046,9794c1cc-b414-4b23-abb0-34e76f30e81a,minecraft:spider,true,Spider,[null]
-122.42320834733171,88.0,4.390918253083003,7d433dff-b630-4906-9594-6a1c384ff1b9,minecraft:spider,true,Spider,[null]
-156.0,-15.0,-120.0,f1f20c7d-8f4d-42d7-82df-68e214f2688a,enemyexpansion:tarantula,true,Tarantula,[null]
-131.0,-25.0,-71.0,65cad17d-a5a3-4e1c-832c-5322ed864fd8,enemyexpansion:tarantula,true,Tarantula,[null]
-54.89124478448141,10.149999976158142,-91.47499999403954,0d5c1000-11d1-48f0-ae51-845a29bd26eb,enemyexpansion:tarantula,true,Tarantula,[null]
-83.49918666650548,-32.20852595141788,-79.47499999403954,78772735-bacc-4f59-983c-d7d388727bbd,enemyexpansion:tarantula,true,Tarantula,[null]
-164.83707188632496,40.0,-144.67504108374766,c2c57333-4597-468a-b238-d19c38dbe194,minecraft:spider,true,Spider,[null]
-78.0,23.0,-160.0,a7a9f5a6-d45a-491f-be62-8b7dc00f406e,minecraft:spider,true,Spider,[null]
-18.474999994039536,27.149999976158142,-92.42874076705849,90e45863-f068-42b7-9b12-77dc899ccab1,minecraft:spider,true,Spider,[null]
-94.0,14.0,-174.0,c1ab9244-1903-4133-b90c-128cd92cb8ae,minecraft:spider,true,Spider,[null]
-70.41289418934792,-8.850000023841858,-47.683226398340494,5f54f312-119a-412a-a1e6-88a97c9fccb4,enemyexpansion:tarantula,true,Tarantula,[null]
-121.0,-12.0,-42.0,e31f3c94-8128-47c9-9abf-d24f7c7117ca,enemyexpansion:tarantula,true,Tarantula,[null]
-52.474999994039536,-7.0,-105.53559681247707,29ed90c6-2a9b-46ef-a5de-c831abf9b0fc,enemyexpansion:tarantula,true,Tarantula,[null]
-100.0,-32.0,-95.0,305bc0f5-d666-42e9-8974-5eba9551fd77,enemyexpansion:tarantula,true,Tarantula,[null]
-109.0,162.0,-153.0,1d4418ea-ea61-42b2-ba0b-df793095af66,minecraft:zombie,true,Zombie,[null]
-116.47568582604843,35.98520511850476,-100.47499999403954,0d66f809-b1b0-4d25-b63c-3d9ffaaee516,minecraft:spider,true,Spider,[null]
-126.0,47.0,-76.0,d23edde4-2c06-49dc-9bff-b88ede9e0d6c,minecraft:spider,true,Spider,[null]
-135.0,131.0,-60.0,6836d428-ec93-44d7-852e-c9a119b8404f,minecraft:spider,true,Spider,[null]
-82.47499999403954,12.149999976158142,-85.52500000596046,383b6b72-ea8b-40a7-8b79-f58caa20394c,minecraft:spider,true,Spider,[null]
-89.4306748071849,-13.850000023841858,-64.47499999403954,4018d704-eb34-4371-957a-956da64c1c5c,enemyexpansion:tarantula,true,Tarantula,[null]
-83.0,-14.0,-93.0,c5bfcf05-d485-476a-9cb4-71db07cce719,enemyexpansion:tarantula,true,Tarantula,[null]
-48.0,-10.0,-113.0,5afb2317-d47d-448a-80af-ca984b594ea0,enemyexpansion:tarantula,true,Tarantula,[null]
-108.0,-8.0,-164.0,7580a221-67e7-4472-87ab-6cddaaad92b4,enemyexpansion:tarantula,true,Tarantula,[null]
-30.0,56.0,-54.0,71526a8c-2647-4048-95c7-5e508b0afb42,minecraft:spider,true,Spider,[null]
-124.52500000596046,34.30281105297661,-173.72626807602785,3c04e350-2b34-4c44-a646-98e0719a8583,minecraft:spider,true,Spider,[null]
-191.47499999403954,35.14999997615814,-65.57650241526233,30e5b47b-e9a8-4899-b22a-c2f5a38d64b4,minecraft:spider,true,Spider,[null]
-44.0,85.0,-50.0,c092962c-be5d-43c6-9a49-e8f24aeba1fb,minecraft:spider,true,Spider,[null]
-138.47499999403954,-14.843100282383134,-101.52500000596046,d5ee0844-7fed-4d44-b593-e419a3ea9afa,enemyexpansion:tarantula,true,Tarantula,[null]
-116.8706190669333,-4.850000023841858,-58.350953762184105,827610d6-c980-43c0-9e58-724ca3a0c617,enemyexpansion:tarantula,true,Tarantula,[null]
-114.59653817758611,-4.850000023841858,-57.731664291137506,816b6f9d-1538-4224-a061-ee9f76d25c71,enemyexpansion:tarantula,true,Tarantula,[null]
-122.0,-15.0,-67.0,39b22660-7917-4fb7-88ea-c638a0c620c6,enemyexpansion:tarantula,true,Tarantula,[null]
-130.63938647065248,31.0,-164.42296711224532,13f042e8-7f61-4ac5-9d75-b06d709000d4,minecraft:item,true,Bone,[null]
-96.0,153.0,-46.0,82acd210-3bce-46b4-b3e9-f228130df12a,minecraft:zombie,true,Zombie,[null]
-95.52500000596046,84.0,-41.79827631032426,03024a40-b76f-4f02-971b-c353e381a23c,minecraft:spider,true,Spider,[null]
-92.0,39.0,-95.0,4cdad668-44b5-435f-bda5-fd7ddc9ef211,minecraft:spider,true,Spider,[null]
-49.61407477646641,37.14999997615814,-49.474999994039536,9728937d-9161-4f33-b4f9-0917c67367fe,minecraft:spider,true,Spider,[null]
-129.52500000596046,45.314865639587765,-107.48473980654134,da8e2d42-2770-4863-b99d-6f5451cad970,minecraft:spider,true,Spider,[null]
-59.474999994039536,-3.850000023841858,-78.47499999403954,ed4487fb-7508-4f71-8c22-da1e343b2baa,enemyexpansion:tarantula,true,Tarantula,[null]
-105.86430453761633,-14.850000023841858,-64.47499999403954,e7f9673d-bd4a-46f6-8b22-d34b806cc30a,enemyexpansion:tarantula,true,Tarantula,[null]
-120.0,-13.0,-92.0,44469097-9a73-4e41-a78e-629cd384c296,enemyexpansion:tarantula,true,Tarantula,[null]
-129.30549240261124,-7.850000023841858,-127.16508923233462,9d0d0abc-ebc6-4156-937f-e0047fe283a8,enemyexpansion:tarantula,true,Tarantula,[null]
-26.76738028138432,151.0,-77.27522305937241,bd1cd603-3b6e-4a04-a343-facc5c098191,minecraft:zombie,true,Zombie,[null]
-136.50299936372755,158.0,-148.1848583813864,cad99045-f566-4216-9564-78e583a93aea,minecraft:zombie,true,Zombie,[null]
-128.0,18.0,-181.0,27738522-ea0d-45a7-aa92-17484508146e,minecraft:spider,true,Spider,[null]
-128.59632004943373,78.0,-52.221792958081515,50352c83-3a32-42a6-b2d2-1daea71c1c76,minecraft:spider,true,Spider,[null]
-97.52500000596046,22.0000522763612,-164.1175984675229,d3bcc6ee-164a-4ebb-b444-fa970e2a517d,minecraft:spider,true,Spider,[null]
-152.59084907392892,32.0,-125.84793825742696,328b4912-8266-44d2-9617-7a7c0ef19245,minecraft:spider,true,Spider,[null]
-62.525000005960464,-11.301824214852736,-84.95243488468618,244f6018-326c-4d49-9406-ced5ba038e26,enemyexpansion:tarantula,true,Tarantula,[null]
-97.0,-13.0,-64.0,16258f3a-8177-4465-9262-eef7ec618842,enemyexpansion:tarantula,true,Tarantula,[null]
-129.52500000596046,-6.360301289432388,-101.6702702829832,8ff54d6a-6c1d-42b3-ab7c-f873c4c513ea,enemyexpansion:tarantula,true,Tarantula,[null]
-140.47499999403954,-22.850000023841858,-80.38024840647347,009d4469-c448-470c-aa4f-fda345dba477,enemyexpansion:tarantula,true,Tarantula,[null]
-61.20026627223115,150.0,-43.16928391146882,e3bfde1f-62ba-4664-b81e-81ef9fc6df99,minecraft:zombie,true,Zombie,[null]
-106.0,9.0,-79.0,3e1c8df8-3ffe-4091-97d8-9c5c3a479d52,minecraft:spider,true,Spider,[null]
-147.52500000596046,76.0,-46.71287626962247,42258493-bd90-4e8a-bd5b-7d3e25831cc5,minecraft:spider,true,Spider,[null]
-88.47499999403954,34.0,-102.63121868994585,91e19afe-18c9-4c87-a3d8-84346fc026c3,minecraft:spider,true,Spider,[null]
-118.47499999403954,81.42295529954242,-127.48577890530765,1af0e916-ccd5-4430-a61e-4c43beb6e560,minecraft:spider,true,Spider,[null]
-81.47499999403954,-34.10404002754735,-81.3461392265357,2b5eda07-de9b-4476-9812-c3ad443566d6,enemyexpansion:tarantula,true,Tarantula,[null]
-81.47499999403954,-26.88127345903834,-76.49055848178253,46052a95-5c17-42b7-a5c7-e9a895c803d7,enemyexpansion:tarantula,true,Tarantula,[null]
-127.12063863668108,-13.850000023841858,-64.9006116746971,b6e0de58-e40c-4337-8982-a17086e9a037,enemyexpansion:tarantula,true,Tarantula,[null]
-81.0,-7.0,-160.0,d0624a14-1164-4d6c-b6aa-0bae96b96acc,enemyexpansion:tarantula,true,Tarantula,[null]
-167.0,49.0,-95.0,c7fd1859-6ed7-4a28-8f11-15a6fceb583e,minecraft:spider,true,Spider,[null]
-92.62957267230814,84.01833830946777,-41.474999994039536,44282f9a-2828-4639-8e7c-064691713b0a,minecraft:spider,true,Spider,[null]
-76.0,24.0,-157.0,e752b286-dd35-422f-a5a5-4c647bbd7e5f,minecraft:spider,true,Spider,[null]
-50.0,16.0,-44.0,bd4dccb1-afa2-478e-89a3-4872a8937f13,minecraft:spider,true,Spider,[null]
-66.0,-14.0,-58.0,1c6ee263-8afc-4a4f-84b8-69c0da259096,enemyexpansion:tarantula,true,Tarantula,[null]
-149.0,-17.0,-116.0,c4b6eada-57c8-4559-a3ba-5e24ec4aaf7e,enemyexpansion:tarantula,true,Tarantula,[null]
-125.12126439283243,-32.0,-107.13580608405796,a665d6c9-3c6f-4124-9144-548426ad312c,enemyexpansion:tarantula,true,Tarantula,[null]
-115.47499999403954,-13.0,-128.21104832897072,6679b9f6-1ac1-43f5-91e2-17311009469c,enemyexpansion:tarantula,true,Tarantula,[null]
-31.781734451468495,152.0,-119.22609748480497,f701068c-18f7-4ee6-b666-e476fbcd624e,minecraft:zombie,true,Zombie,[null]
-66.0,36.0,-122.0,28299e3d-ca5c-449c-993a-f85bc3a17348,minecraft:spider,true,Spider,[null]
-72.47499999403954,138.0,-98.77885109586559,d23e6a51-c49f-4364-a334-26fe0cd1d63f,minecraft:spider,true,Spider,[null]
-152.47499999403954,65.29514029010161,-173.52500000596046,2ab8ed5f-4cbd-4c70-a15a-71cd4c009f75,minecraft:spider,true,Spider,[null]
-126.0462753093089,99.14999997615814,-65.52500000596046,af0bbfe6-7eef-43f7-87ef-fd769431e4a6,minecraft:spider,true,Spider,[null]
-81.1770963684294,-22.850000023841858,-108.47499999403954,6a6aa397-aa4d-46de-af20-e6b3084d9a65,enemyexpansion:tarantula,true,Tarantula,[null]
-89.0,-31.0,-92.0,c3c997a7-4de0-4265-be35-18e407b7e270,enemyexpansion:tarantula,true,Tarantula,[null]
-43.0,-4.0,-121.0,9a736e34-4e87-4ba7-85e9-13dca98fc3d0,enemyexpansion:tarantula,true,Tarantula,[null]
-119.50770177642347,-12.94006625003078,-60.474999994039536,4e24f175-452d-4db9-a274-2a5decb2a536,enemyexpansion:tarantula,true,Tarantula,[null]
-45.0,33.0,-142.0,0394df56-8d7d-4870-93fe-df065ca6cd7a,minecraft:spider,true,Spider,[null]
-184.47499999403954,47.93222828907807,-114.83013152382297,f0fd9693-9c31-4405-bfab-43aba048dd17,minecraft:spider,true,Spider,[null]
-99.52500000596046,55.05669409134707,-134.47499999403954,c581c103-80fc-4923-9264-e45a4e12a2cd,minecraft:spider,true,Spider,[null]
-53.0,31.0,-43.0,de8487ed-846b-4ed8-a1b9-b84c77a96c6b,minecraft:spider,true,Spider,[null]
-70.0,-15.0,-52.0,1a2474fa-71de-473f-94aa-9021683e28ef,enemyexpansion:tarantula,true,Tarantula,[null]
-93.0,-34.0,-102.0,2cc7f4a9-62df-428c-bb3c-2e01c8b513d3,enemyexpansion:tarantula,true,Tarantula,[null]
-122.0,-32.0,-79.0,9001636e-48a2-46c9-aa76-a2874562926b,enemyexpansion:tarantula,true,Tarantula,[null]
-101.0,-22.0,-82.0,59620ec7-dba3-425e-8696-6a637b6cb23e,enemyexpansion:tarantula,true,Tarantula,[null]
-101.0,-22.174999988079072,-82.0,7ccc438a-a5ca-4fba-9cad-22e2f322696d,minecraft:skeleton,true,Skeleton,[null]
-50.0,150.0,-60.0,fb8b9e4a-63ac-43b0-a4c2-ea2f5f0dd0f0,minecraft:zombie,true,Zombie,[null]
-89.0,44.0,-41.0,3b2e47fc-1cad-4c1e-9f47-7ea3f5a64968,minecraft:spider,true,Spider,[null]
-90.0,82.0,-47.0,351891d8-7f8f-4b9b-bbb3-39de79e1cb99,minecraft:spider,true,Spider,[null]
-95.0,78.0,-53.0,f5a50b87-71b8-4374-8442-1eb14ec13b34,minecraft:spider,true,Spider,[null]
-69.0,15.0,-75.0,7e1adedc-cca8-42d4-89cd-e1f2612cb2a2,minecraft:spider,true,Spider,[null]
-145.0,-18.0,-100.0,3bb22623-760c-4ef5-9861-c92874cf4d9c,enemyexpansion:tarantula,true,Tarantula,[null]
-70.0,-14.0,-71.0,a9c30ff1-da2b-4ae3-a372-3b55051fd2a6,enemyexpansion:tarantula,true,Tarantula,[null]
-101.0,-30.0,-69.0,6cadda5d-2514-486b-8a68-46e0d241a934,enemyexpansion:tarantula,true,Tarantula,[null]
-158.0,-13.0,-113.0,6040b745-f615-4471-9ede-cd79ab3ead84,enemyexpansion:tarantula,true,Tarantula,[null]
-60.5,-21.9375,-385.5,e70f9d41-cd79-4679-98ab-942c159a15b4,minecraft:tnt_minecart,true,Minecart with TNT,[null]
-46.0,108.0,-82.0,73587dc5-3037-49cd-92ea-1fa7c70fda60,minecraft:spider,true,Spider,[null]
-175.0,41.0,-135.0,21c1d47c-8ce2-4f69-a353-2d50fc78f689,minecraft:spider,true,Spider,[null]
-84.0,41.0,-33.0,10f96858-0e5a-481b-9a9d-db4c99f5a8dd,minecraft:spider,true,Spider,[null]
-83.0,103.0,-142.0,f75eaf39-43bc-4508-8934-672adb78bdf7,minecraft:spider,true,Spider,[null]
-96.0,-15.0,-76.0,56ca3b1e-8b80-4723-8b1c-881fde488f7a,enemyexpansion:tarantula,true,Tarantula,[null]
-56.0,-11.0,-98.0,25b85468-8608-4e44-a0fc-924295f97e2d,enemyexpansion:tarantula,true,Tarantula,[null]
-121.0,-22.0,-118.0,39d5ac6e-c347-432f-85f9-9f32cc425374,enemyexpansion:tarantula,true,Tarantula,[null]
-97.0,-31.0,-103.0,85653ffe-d1f2-43f3-a4d4-2af548724dea,enemyexpansion:tarantula,true,Tarantula,[null]
